Customer Name,EMAIL_ADDR,Signup_Dt,Home City,Marketing Segment
sarah robinson,collinsjavier@example.org,30-Nov-2023,Chicago,B
Donald Todd,heathertran@example.com,01-Aug-2021,Toronto,B
NATHANIEL FLOYD,,27-May-2021,Berlin,VIP
sean carter,dudleycody@example.com,"August 19, 2020",Singapore,VIP
Samuel Williams,jburke@example.org,07/05/2023,Melbourne,A
MICHELLE HO,laurahicks@example.org,01/25/2021,New York,
RAYMOND HALL,kpeterson@example.net,"August 23, 2023",Singapore,VIP
Jake Jackson,smithpaul@example.org,"May 05, 2022",Mumbai,
Kevin Anderson,bstrickland@example.com,04/01/2024,Vancouver,A
VALERIE THOMAS,christopher38@example.com,23-Jan-2023,Melbourne,A
Claire Clark,kevin03@example.org,2019-09-25,Manchester,VIP
Monica Richardson,mariahill@example.net,2023-05-19,Munich,C
crystal pham,danaoliver@example.net,11-Jun-2021,Paris,B
CHRISTIE FOX,james18@example.com,10-Feb-2020,Munich,VIP
Jeffery Fitzgerald,kennethkidd@example.com,"June 27, 2024",,C
paula gentry,zhunter@example.com,2022-12-23,New York,C
Ashley Wilson,amber07@example.net,"August 31, 2022",Chicago,VIP
Toni Clay,jarvisrachel@example.net,"June 06, 2020",Chicago,
Julie Perry,,11-Apr-2024,Mumbai,VIP
Michelle Harris,andrew43@example.org,03/31/2023,London,VIP
EVELYN PACHECO,davisgary@example.com,13-May-2023,London,C
David Medina,qchavez@example.net,05/14/2020,Berlin,VIP
GREGORY FRAZIER,barbarasantos@example.net,03-Aug-2019,Bangkok,A
Candice Ramirez,michael12@example.net,2024-04-12,Manchester,A
doris hall,jacqueline71@example.net,09/09/2020,Singapore,A
Heidi Stephens,qrowland@example.org,14-Dec-2019,Vancouver,A
MRS. EMILY WATERS,arobinson@example.org,2019-12-27,Los Angeles,
Michelle Greer,gutierrezmatthew@example.com,"August 24, 2023",Manchester,VIP
Melissa Sullivan,jessicamills@example.org,2020-01-06,Paris,B
Paige Carlson,wallkenneth@example.com,27-May-2021,Sydney,A
kyle collins,aperez@example.com,29-Dec-2019,Los Angeles,B
David Bradley,millertodd@example.org,04/24/2023,Vancouver,B
Kevin Sullivan,rebeccaarnold@example.net,01/13/2022,Singapore,VIP
Michael Howard,johnwilliams@example.net,2021-03-15,Mumbai,C
Karen Bradley,mathew46@example.org,05/24/2024,Berlin,A
Adrienne Mills,brooksjamie@example.com,18-Apr-2021,Sydney,VIP
Margaret Orr,levinetina@example.net,10/04/2021,Los Angeles,A
Rachael Lynch,colonbobby@example.org,11-Dec-2021,Los Angeles,B
Mariah Perry,montesmichelle@example.org,16-Apr-2023,Manchester,
EDWARD TERRY,ashleystephens@example.com,"April 28, 2021",Singapore,C
Fernando Lynn,petersonpamela@example.org,2020-03-15,Melbourne,C
Aaron Johnson,vincentstacey@example.org,"May 14, 2021",Bangkok,
Aaron Munoz,meyerjohn@example.org,"October 14, 2022",Bangkok,VIP
MICHELLE GRAHAM,spearselizabeth@example.net,"October 14, 2022",Manchester,B
Stacey Russell,sarayoung@example.org,05/29/2019,Bangkok,VIP
Mark Garrison,omoore@example.net,03/26/2023,Melbourne,C
nancy cook,rachael29@example.net,2022-01-31,Berlin,B
Kimberly Rodgers,stanleynancy@example.net,2024-01-16,Los Angeles,B
Shari Kelley,benjaminwilliams@example.net,2021-04-18,Vancouver,VIP
matthew velez,pearsonjesse@example.net,"November 21, 2021",Vancouver,C
jeremy benson,lbradley@example.com,24-Sep-2022,Los Angeles,A
GREGORY MARTIN,joshua73@example.org,2020-04-05,Singapore,
paul thompson,opatel@example.net,10/16/2019,Los Angeles,B
Wanda Clark,,"May 21, 2023",Paris,A
Michael Farmer,carlsonjason@example.net,01/30/2020,Manchester,B
Melissa Mendoza,robinsonjesse@example.org,2020-04-04,Bangkok,B
RACHEL CHAN,jeremy47@example.com,11/29/2023,Bangkok,A
Tracy Wang,robinsonnicholas@example.org,"June 23, 2020",Mumbai,VIP
Joseph Camacho,parmstrong@example.com,04/17/2021,Berlin,B
STACY TAYLOR,meltonjoshua@example.net,03/17/2019,,C
Jamie Gallagher,rossjohn@example.net,2020-06-06,Vancouver,VIP
Sherry Gibbs,ugordon@example.net,"November 27, 2020",Vancouver,A
Lisa Brown,jonesdonna@example.net,"July 29, 2021",New York,A
Mark Anderson,anthonyalvarado@example.com,"July 03, 2020",Paris,C
tommy ball,tracyadams@example.com,2019-05-08,Bangkok,A
Anthony Brown,cwhite@example.com,"January 19, 2023",Singapore,
David Mitchell,,2021-10-03,Chicago,VIP
Norma Smith,david88@example.net,02/04/2023,Manchester,B
Matthew Steele,arianadiaz@example.com,02/13/2020,Berlin,
JENNIFER JONES,hernandezlisa@example.com,02/13/2020,Toronto,
Cassidy Horne,tranrobin@example.net,04/05/2023,Sydney,VIP
Tammy Morris,,"May 13, 2020",Singapore,VIP
Robert Lopez,bradylisa@example.org,2021-11-23,Melbourne,A
STEPHANIE DOMINGUEZ,dhanson@example.net,2023-11-15,Paris,VIP
Autumn Key,srocha@example.net,2021-07-09,Vancouver,VIP
Jonathan Rodgers,sjohnson@example.com,10-Apr-2023,Sydney,B
Ruben Cruz,victoriahamilton@example.net,2019-05-06,Berlin,VIP
Chris Hanson,twagner@example.org,"July 05, 2019",Los Angeles,A
Michael Melton,,2024-01-25,New York,
Joshua Gonzalez,pmiller@example.org,2023-06-14,Los Angeles,C
FRANK ARMSTRONG,mmathews@example.net,01/25/2024,New York,A
oscar carroll,sandrahickman@example.net,2019-06-12,Manchester,VIP
Victoria Dixon,katrinarodriguez@example.com,08/22/2023,Singapore,B
Chloe Tran,hughesshannon@example.net,03-Aug-2021,Berlin,VIP
Amy Burton,,30-Mar-2023,Vancouver,VIP
Steven Carter Jr.,carolyn61@example.net,02/25/2022,New York,
PENNY GOMEZ MD,aprilmclaughlin@example.org,31-Jul-2022,Munich,A
Shari Sharp,morriskatherine@example.net,"April 11, 2023",Manchester,
kenneth farmer,,11/25/2023,Vancouver,C
JAIME FISCHER,crystal32@example.net,17-Jan-2024,Chicago,C
Tyler Shields,csparks@example.net,2019-07-12,Los Angeles,
Abigail Clayton,smithmarcus@example.org,"January 15, 2021",Mumbai,B
MADISON THOMAS,christopherreyes@example.com,07-Dec-2021,Sydney,C
Jared Luna,fernandezaaron@example.net,02-Apr-2023,Mumbai,VIP
Rebecca Ramsey,ncalhoun@example.net,06-Mar-2020,Vancouver,
Barbara Riggs,reedross@example.com,05/04/2022,Munich,
wendy morgan,cannonkimberly@example.net,2023-01-28,London,A
Angela Griffin,christian91@example.org,"October 19, 2021",Chicago,B
Amanda Swanson,michaelsherman@example.com,08-Feb-2019,Paris,VIP
patricia mathis,susan56@example.net,2021-03-29,,VIP
Sean Stevens,smallgina@example.com,"July 04, 2020",London,B
Eric Acosta,shannon69@example.com,"August 09, 2023",Melbourne,VIP
JAMES CHAPMAN,cameronwilliams@example.com,26-Apr-2024,New York,VIP
Joel Steele,frank45@example.com,11/07/2021,Manchester,
ABIGAIL SHAFFER,jpeterson@example.org,27-Mar-2020,Manchester,C
TRAVIS WISE,debra96@example.net,06/04/2024,Vancouver,
Danielle Reed,jhernandez@example.net,08/01/2019,Vancouver,B
William Miller,raymondpugh@example.net,2021-10-12,Singapore,A
Melissa Grant,lpearson@example.org,03/30/2024,New York,VIP
AUSTIN WHEELER,tharper@example.org,2019-04-24,Mumbai,B
JUSTIN WEBB,becky62@example.net,10/11/2023,Manchester,VIP
Jessica Ross,ykline@example.com,09/22/2019,Chicago,B
yolanda mccoy,hryan@example.net,"January 07, 2023",Mumbai,VIP
John Martin,jessica82@example.com,08/13/2020,Chicago,A
michael sims,jeremywiley@example.com,05/30/2019,Singapore,VIP
Kirk Johnson,gary59@example.com,19-Jun-2023,Bangkok,VIP
Daniel Adams,lynchgeorge@example.net,04-Apr-2019,Los Angeles,C
sabrina lopez,srobles@example.org,02-Feb-2021,,B
Stephanie Butler,williamsthomas@example.net,"March 06, 2021",Mumbai,A
Amy Farrell,jamesrobinson@example.com,"April 11, 2022",Toronto,
ABIGAIL HILL,barbaramoore@example.org,04/22/2019,Sydney,C
Jonathan Moreno,tranryan@example.net,2020-02-10,Chicago,C
Kathy Sandoval,umahoney@example.net,"November 26, 2019",Singapore,A
julian leon,vdeleon@example.com,2020-04-01,Bangkok,VIP
Steven Butler,michaelking@example.net,16-Feb-2019,London,C
Mary Levy,,28-Apr-2023,Vancouver,
Brian Torres,ncook@example.com,2021-04-26,Los Angeles,C
glenn scott,,"January 25, 2022",Mumbai,VIP
Alexandra Smith,molly91@example.org,08/02/2019,New York,
Janet Jarvis,richard28@example.org,02-May-2023,Chicago,C
Mr. William Bray,petermoore@example.com,2019-09-08,London,A
Mark Brown,hodgejoshua@example.org,"September 26, 2022",Chicago,B
Austin Baker,livingstonstacy@example.com,"August 07, 2022",Melbourne,A
Renee Hudson,candice25@example.net,14-Sep-2022,Singapore,
cindy wells,uramirez@example.com,"July 17, 2019",Los Angeles,B
Nathaniel Douglas,mathewaguilar@example.org,27-Sep-2019,New York,
ALEJANDRA SANTOS,nbell@example.net,03/10/2023,Los Angeles,A
Amanda Preston,hannah07@example.com,"December 26, 2021",London,B
william nichols,karmstrong@example.net,16-Jan-2020,Toronto,VIP
Timothy Bauer,james80@example.net,2019-04-26,Bangkok,C
april johnson,mclaughlinjared@example.net,16-Dec-2019,Berlin,
Jason Chaney,jimmy80@example.org,"May 23, 2024",London,C
Tina Olson,johnjackson@example.net,2023-07-09,Manchester,
Lisa Spencer,hollandjustin@example.com,18-Sep-2020,Mumbai,VIP
Matthew Perez,xbrooks@example.com,2023-02-25,Los Angeles,
ryan garrison,christophercarrillo@example.org,27-Aug-2021,Sydney,A
Joseph Peterson,connie12@example.com,"January 25, 2022",Vancouver,VIP
ALICIA OLSON,scannon@example.org,24-Jan-2020,Bangkok,
charles morales,figueroapatricia@example.org,11/29/2023,Sydney,B
Zachary Mccarthy,nwelch@example.com,01-Dec-2023,Manchester,A
Patrick Santana,elizabethvaughan@example.net,2019-06-10,Chicago,
Frank Campbell MD,ashleewashington@example.com,"April 12, 2024",London,
Megan Drake,danieldavis@example.org,"November 29, 2021",Berlin,VIP
Carmen Moore,,"November 13, 2020",Sydney,
Michael Castillo,brooke05@example.org,2022-10-23,Bangkok,A
richard walker,madisonwatson@example.net,"March 17, 2022",Toronto,
samuel rivas,ramirezshannon@example.com,01/03/2024,London,VIP
Lauren Anthony,ymitchell@example.com,10/03/2023,Vancouver,B
brett martin,lisawoods@example.net,10-Nov-2019,,C
Arthur Roberts,omatthews@example.net,2023-12-21,Munich,C
Laura Benson,xhart@example.org,2020-11-09,Bangkok,C
Paul Lane,dbeck@example.com,11/05/2022,Singapore,A
Elizabeth Hanna,ramirezchelsea@example.com,"July 02, 2019",Mumbai,A
Tanya Clark,mariolee@example.com,10/22/2023,Manchester,A
Bob Pitts,tyleraguilar@example.org,05/27/2019,Chicago,VIP
Mr. William Davis DDS,carolberry@example.com,15-May-2020,New York,
Randall Wright,tspencer@example.com,"May 05, 2020",New York,A
KYLE DAVIS,nshepherd@example.org,"September 17, 2023",London,A
Erin Mason,allenphillip@example.com,"February 15, 2024",London,A
Keith Henry,vjohnston@example.org,02/05/2019,Bangkok,C
Wyatt Callahan,fperez@example.org,01-Jan-2022,Mumbai,B
Brandon Simmons,nicholas27@example.org,"December 15, 2019",Chicago,A
helen strickland,owright@example.org,02-Oct-2023,Vancouver,B
Mary Grimes,wryan@example.com,07/30/2022,Chicago,B
JOSHUA GALLEGOS,claudia35@example.org,31-Jan-2022,Manchester,C
Kyle Flores,crystal58@example.net,08/27/2023,Berlin,C
COREY FLOWERS,perezstacy@example.org,"June 17, 2023",Paris,B
Tara Jones,andrew88@example.com,"May 24, 2020",Toronto,A
Heather Snyder,asteele@example.net,04-May-2022,Mumbai,C
Daniel Gordon,lrichardson@example.org,"November 08, 2022",Toronto,C
Janice Mccarthy,stonejacob@example.com,"July 25, 2022",Berlin,C
Cheryl Perkins,harrislisa@example.org,2023-02-22,Berlin,B
Danielle Ryan,robertstimothy@example.com,14-Nov-2019,Melbourne,VIP
CHRIS JOHNSON,steven86@example.com,2019-08-31,New York,A
michael rosario,jamesmurphy@example.org,"February 15, 2023",London,VIP
Sarah Bishop,markblack@example.com,"May 03, 2024",Paris,VIP
Mr. Jonathan Anderson,tapiamercedes@example.net,"March 11, 2019",Toronto,C
JOSEPH BRIGHT,mhoffman@example.net,"January 03, 2021",Singapore,A
julie spencer,colelisa@example.net,05-Jun-2024,Toronto,B
angel holland,shawn60@example.com,13-Dec-2020,Toronto,B
ANDREW HUNTER,carolfernandez@example.net,09/16/2019,Munich,VIP
Brian Clark,kathleen47@example.net,03/20/2023,Chicago,A
PAUL CANNON,ejenkins@example.net,25-Dec-2020,Paris,
Sarah Solis,ypatterson@example.org,"June 30, 2023",Toronto,C
Kevin Blake,deborahturner@example.org,01/31/2020,Los Angeles,
Toni Hunt,morgan69@example.net,10-Apr-2021,Singapore,A
GLENN WARD,alyssa66@example.net,"August 02, 2022",New York,
WANDA STEPHENS,johnstonjonathan@example.net,"October 01, 2022",Melbourne,VIP
Angela Powell,kmills@example.org,2024-06-28,Manchester,A
Shane Edwards,jbuchanan@example.com,"April 04, 2024",Mumbai,
ANN DAWSON,ufox@example.org,"October 31, 2019",,
JOSE HARRISON,robert44@example.org,2020-03-07,Manchester,B
Beverly Black,troybrady@example.net,27-Nov-2020,Melbourne,VIP
Richard Hays,noblechristina@example.org,"March 20, 2024",Sydney,C
Sharon Cochran,erik16@example.org,26-Jan-2021,Toronto,A
Tammy Booth,fieldskimberly@example.com,"March 30, 2022",Mumbai,C
Jordan Tanner,joseph97@example.org,22-Aug-2022,Sydney,B
Jessica Odonnell,ashleyjohnson@example.com,30-Mar-2019,Singapore,
Breanna Jimenez,sullivanchristina@example.net,2024-01-25,Vancouver,VIP
Ashley Cordova,ubaker@example.org,2022-11-28,Singapore,C
Rachel Romero,myerstheodore@example.net,"July 07, 2019",New York,VIP
deanna munoz,taylordawn@example.com,2019-11-26,Singapore,C
Jessica Conrad,sbradley@example.org,"December 16, 2022",London,B
Dennis Cooper PhD,cisnerosanthony@example.com,07/04/2019,Berlin,
JARED HOWELL,katherineharris@example.net,"August 18, 2022",Sydney,VIP
Brandon Rasmussen,timothy88@example.org,"August 19, 2022",Sydney,VIP
DAVID ROBINSON,sandra72@example.com,25-Jun-2020,Sydney,C
James Wilson,maychristine@example.net,21-Dec-2023,Melbourne,B
Jason Potter,dmorales@example.net,"February 22, 2019",Paris,VIP
donna cabrera,barbara53@example.com,"May 12, 2024",Sydney,A
Tracy Copeland,pbautista@example.com,09/21/2020,Vancouver,A
Melissa Garner,lozanojulie@example.com,12-Apr-2023,New York,VIP
Michael Martinez,jennifercollins@example.org,11/08/2020,Munich,A
KEITH VILLANUEVA,george43@example.com,"March 21, 2020",Bangkok,
Heather Roberson,alyssa93@example.org,2021-09-16,Vancouver,
cynthia wilson,bethwilliams@example.org,"August 05, 2021",Vancouver,VIP
Brandon Huynh,james23@example.com,2019-12-23,Bangkok,VIP
ADAM MCCOY,fpetty@example.net,2019-08-17,Melbourne,A
CHELSEA AUSTIN,leahbarker@example.org,04/27/2020,Sydney,
Daniel Taylor,shermandonna@example.com,2021-08-01,Sydney,C
jose vaughan,teresaayala@example.net,04/21/2022,Sydney,B
kelly hodges,michellewilson@example.org,"September 30, 2020",Chicago,
Deborah Juarez,mcarson@example.org,11/06/2023,London,C
JOSEPH MOON,,"January 02, 2021",Melbourne,
Eddie Mueller,stevenvargas@example.com,02/25/2024,Vancouver,A
Samantha Robertson,cameronmckinney@example.com,"October 16, 2022",Mumbai,A
Michael Lee,max69@example.com,2021-10-21,Berlin,
Ralph Lee,ericphillips@example.org,2023-10-02,Berlin,A
jessica gaines,jmorrow@example.net,27-Nov-2022,Bangkok,A
Alicia Norris,hwallace@example.net,"June 08, 2021",Bangkok,B
Elizabeth Reese,edwin31@example.org,"January 30, 2022",Sydney,A
Audrey Reyes,andersonhenry@example.org,03/17/2024,Vancouver,
Dustin Welch,mirandadavidson@example.com,"December 11, 2022",London,C
KIMBERLY JAMES,swalters@example.net,2022-03-03,Paris,C
David Rodriguez,brownaustin@example.com,2023-05-23,London,VIP
Craig Keller,angela71@example.net,2023-02-10,,A
David Baird DDS,jcalhoun@example.com,2019-03-11,Vancouver,A
Robert Cox,,10/25/2021,Manchester,
kara black,dsharp@example.com,"September 25, 2022",Sydney,C
DANIELLE STEIN,terrywilliam@example.com,11/23/2022,Paris,A
ERIKA GARCIA,ykane@example.org,"January 24, 2020",Berlin,A
Alicia Martin,lisa11@example.org,"March 15, 2024",New York,
Susan Bennett,desireebailey@example.org,"June 07, 2022",Chicago,B
Logan Sullivan,millermatthew@example.com,26-Mar-2024,,VIP
Rebekah Greene,erin07@example.com,12/02/2022,Munich,B
Bryce Blair,sylvia52@example.org,09/23/2020,London,C
Carmen Perez,tracy55@example.net,"October 31, 2020",Los Angeles,C
Phillip Salazar,catherine93@example.net,24-Sep-2021,Paris,B
KATHERINE COX,richard92@example.com,04/13/2021,Munich,C
Robert West,brandon94@example.org,21-Apr-2020,London,C
Jillian Wilson,bmcgee@example.org,04/29/2020,Chicago,C
Elizabeth Brock,ualvarado@example.org,13-May-2019,Munich,VIP
Jennifer Allen,kimberly67@example.net,06-May-2021,Paris,
Erin Cook,kevinmorrison@example.net,2024-06-25,Munich,A
jennifer turner,karen61@example.net,2022-06-30,Singapore,
Jennifer Bautista,nicolemoore@example.net,"September 14, 2019",Vancouver,B
Krista Davis,laradonald@example.org,2021-04-27,Vancouver,B
Douglas Mack,matthew24@example.com,03/12/2024,Vancouver,B
Kelly Smith,mcdanielbrooke@example.org,03/27/2023,Manchester,B
mrs. katherine simpson,markduran@example.com,03/19/2021,New York,VIP
William Cunningham,uwilliams@example.org,17-Mar-2022,New York,VIP
JEFFREY JORDAN,ysanford@example.org,2021-12-17,Los Angeles,C
Kevin Farmer,lindabryan@example.org,"November 17, 2019",Paris,B
Zachary Hicks,camposmichelle@example.org,"March 07, 2019",Mumbai,
Veronica Flores,lauren28@example.net,"March 30, 2023",Mumbai,VIP
Angela Gonzales,pduran@example.net,2023-04-12,Los Angeles,C
Natalie Juarez,colemanjonathan@example.org,29-Aug-2023,Melbourne,VIP
Jennifer Simpson DVM,nancy04@example.net,26-Jun-2023,Los Angeles,B
Robert Miller,csolis@example.org,2022-07-29,Chicago,VIP
catherine saunders md,nhahn@example.com,25-Dec-2019,Bangkok,C
ALAN JOHNSON,rogersjames@example.net,11-Sep-2019,London,C
cynthia woods,ubray@example.net,05-Apr-2022,Vancouver,
Benjamin Thompson,zosborn@example.net,2020-10-09,Sydney,B
jessica meadows,vmerritt@example.com,"August 25, 2019",New York,A
pamela perry,newtonamber@example.org,02-Jun-2019,Manchester,VIP
Andre Terrell,,05/28/2021,Munich,A
Melissa Brown,marshallerik@example.net,2019-10-20,New York,C
BRIAN MOORE,ijones@example.com,2021-11-26,Mumbai,VIP
ZACHARY WILKINSON,munozrobert@example.com,2024-01-17,Mumbai,C
Katherine Church,candice96@example.net,2021-12-17,Berlin,VIP
Lisa Reynolds,ywilliams@example.com,"July 24, 2023",Toronto,A
Evelyn Garcia,dgarcia@example.org,05/05/2022,Paris,A
Ryan Garcia,marydean@example.com,2020-07-22,Munich,VIP
Preston Kim,bshort@example.com,12/17/2023,Chicago,C
Alexandra Smith,molly91@example.org,2019-08-23,New York,C
Michael Lewis,michael03@example.net,31-Oct-2021,Manchester,
Monica Lopez,katie43@example.net,10/25/2019,Sydney,C
Kayla Deleon,caseyhenderson@example.net,15-Oct-2021,Singapore,A
Raymond Barber,dennismckenzie@example.com,"September 06, 2019",Berlin,
John Campbell,mark87@example.org,"November 18, 2022",Mumbai,VIP
Michael Hancock,,02/01/2020,London,A
Laura Lewis,oadams@example.net,06/28/2024,Melbourne,VIP
marie thompson,jeffrey92@example.com,06-Aug-2021,Manchester,B
Charles Wright,monique89@example.com,08/06/2022,Paris,VIP
Judy Robinson,erica96@example.net,02/06/2024,Melbourne,A
John Peterson,kingmichelle@example.org,04/04/2020,London,VIP
Jane King,david38@example.net,"September 26, 2020",New York,B
charles hardin,lopezjennifer@example.org,"December 30, 2021",Toronto,
andrea hartman,susan57@example.net,2023-08-28,Chicago,VIP
eric cross,lroberts@example.org,03-Feb-2024,Munich,B
CARLOS HEATH,,05-Oct-2023,Chicago,C
gilbert williams,lhicks@example.com,"February 03, 2021",Sydney,C
CARLOS HEATH,,17-Sep-2023,Chicago,A
Denise French,,11/24/2023,New York,A
Kristen Lowery,dixonrobert@example.com,"February 26, 2021",Berlin,B
zachary bryant,marvin69@example.net,"January 16, 2022",New York,
JOEL NELSON,gabriellecameron@example.org,"February 17, 2021",Los Angeles,B
Ashley Duran,gregory14@example.org,2019-05-14,Sydney,
Tina Wu,debbie20@example.net,"April 04, 2019",Singapore,C
Austin Robinson,katrina71@example.net,12/06/2021,Berlin,VIP
denise stuart,shawn22@example.com,14-Apr-2019,Berlin,B
Philip Hall,mike03@example.net,2019-06-10,Manchester,C
Colleen Brock,pwilliams@example.org,"September 13, 2022",New York,B
Amanda Huff,eddie35@example.com,2021-06-18,Chicago,VIP
pam baker,ryan25@example.net,02/25/2021,Berlin,VIP
DAVID SANCHEZ,jerry51@example.net,05/08/2020,Munich,A
LINDA BURNS,hickmannatasha@example.com,"October 29, 2023",Munich,A
Alexander Collins,tsanders@example.org,"March 24, 2020",Manchester,B
Ethan Garza,pbaker@example.org,24-May-2020,Manchester,C
Jesse Welch,jacob34@example.org,2023-05-22,Los Angeles,
Cathy Barnes,brian65@example.net,01/07/2019,Sydney,
MONICA HERRERA,smiller@example.net,"July 09, 2019",Los Angeles,B
PATRICK SWANSON,robertbrewer@example.net,2020-11-23,Los Angeles,VIP
Joseph Acosta,morrisonnicholas@example.org,06/14/2021,Chicago,VIP
Patricia Alvarado,nzhang@example.net,2020-11-22,Los Angeles,A
RICHARD SMITH,gibsonemily@example.net,08/12/2020,Bangkok,A
Sydney Bennett,pattonbryan@example.com,"March 05, 2020",Melbourne,
ERIC KNOX,georgemaldonado@example.org,03/05/2020,Manchester,
Melanie Johnson,hthompson@example.org,2023-08-22,,B
vickie kennedy,,07/29/2022,Paris,
Denise Brown,roysara@example.net,01/03/2022,Chicago,A
Denise Olsen,usmith@example.net,2022-06-01,Chicago,VIP
shannon jones,joshuawashington@example.net,02/07/2023,Los Angeles,A
Walter Palmer,bensonstanley@example.org,2019-08-31,Manchester,
Kayla Rodriguez,stevenadams@example.org,11/14/2019,Chicago,A
Mr. Ralph Dawson,angelica33@example.net,2024-01-07,Toronto,
David Harris,ramseyeric@example.net,"May 19, 2019",Manchester,VIP
james ellis,crystalcantrell@example.org,28-Aug-2020,,C
Anthony Nash,mercedesholland@example.net,"October 23, 2020",Vancouver,A
Laura Ramos,jcarter@example.org,11/01/2020,Mumbai,C
Richard Ramirez,reyesmarvin@example.org,2021-06-26,Vancouver,
yolanda jackson,craigmartin@example.net,10-Jul-2020,Melbourne,B
Lucas Cox,karlwilliams@example.net,"November 27, 2019",Chicago,C
mr. joshua moore,sara39@example.org,2021-09-12,Manchester,
Karen Bradley,mathew46@example.org,"April 23, 2024",Berlin,VIP
MICHAEL CROSS,smoore@example.org,07/18/2019,Los Angeles,VIP
John Martinez,mark68@example.org,"November 27, 2019",Paris,
TOMMY RAMSEY,markbates@example.com,04/10/2021,Paris,B
Allison Casey,amandadalton@example.net,26-May-2022,Munich,VIP
travis hopkins,jillwebb@example.com,2021-07-08,Singapore,A
Stephanie Gallagher,umontes@example.org,04/16/2022,New York,B
Shari Arellano,josephmichael@example.org,"July 21, 2021",Bangkok,B
Carl Huffman,wallssean@example.net,05/04/2023,Chicago,C
SCOTT MILLER,rowejoel@example.net,"January 12, 2023",Sydney,A
Jessica Becker,chavezisabel@example.com,03/24/2022,Los Angeles,B
DENISE FORD,colton30@example.net,18-Jan-2022,Sydney,C
Christopher Garza,wilsonbrooke@example.net,18-Mar-2023,Mumbai,A
Nicholas Kelley,shawn00@example.net,2023-01-01,Manchester,B
ANNA EVANS,priscilla16@example.net,20-Jul-2023,Manchester,
eric hunter,katherine82@example.com,"July 26, 2023",Toronto,VIP
Patricia Bruce,janicebolton@example.net,01/16/2020,Toronto,A
JOSHUA GUERRERO,qcurtis@example.com,12-Aug-2020,Munich,C
Andrew Dunn,connersylvia@example.net,2023-02-15,Mumbai,
Brenda Martin,robertsonjuan@example.org,01/01/2022,Mumbai,
Connie Stevens,patricialowery@example.com,09/18/2020,Melbourne,
Ashley Cooper,fordjames@example.org,11/05/2019,Toronto,B
Travis Strong,reedchad@example.com,"April 07, 2023",Manchester,A
Debra Clark,ahale@example.org,"May 24, 2021",Berlin,B
Brandy Holmes,laurenallen@example.org,21-Sep-2020,Toronto,A
Jennifer Smith,karinorton@example.net,17-Mar-2022,Melbourne,A
Kelly King,james03@example.org,2021-01-14,London,A
JASON MUNOZ,raymond12@example.com,"October 12, 2021",New York,VIP
Mary Johnson,sharon95@example.com,2023-07-30,Chicago,A
Bradley Kirby,,2024-03-26,,
Rickey Hall,lovepaul@example.net,04/17/2019,Berlin,A
Melanie Johnson,hthompson@example.org,"August 07, 2023",,C
Jeremy Mcintyre,wfigueroa@example.net,"November 09, 2023",Melbourne,
CHARLES RUSSO,sherry07@example.net,11-Sep-2021,Paris,A
Heather Brown,brobinson@example.org,07-Dec-2023,Paris,A
JOSHUA DAVIS,nicolealvarado@example.com,"November 28, 2020",Chicago,A
,,,,
Lori Perez,ashleysimmons@example.com,2021-02-03,Sydney,B
tara holmes,arthurgreene@example.net,2021-10-15,Sydney,VIP
JASON PRICE,aguilarwanda@example.org,"May 14, 2021",Mumbai,B
JUSTIN MICHAEL,keith98@example.com,2022-02-08,Munich,A
John Juarez,bradleylee@example.net,20-Jan-2023,Vancouver,A
Patty Allen,barrettamber@example.com,19-May-2023,Munich,VIP
Joseph Rose,deanna17@example.org,"May 06, 2020",Berlin,VIP
Patrick Moses,smitchell@example.com,08/08/2019,Sydney,
Kimberly Burnett,lbrown@example.net,16-Feb-2023,Manchester,
Elizabeth Sanchez,david89@example.com,"August 03, 2021",Melbourne,VIP
Lynn Adams,edwardselizabeth@example.net,10-Jun-2024,New York,A
Michael Morrison,lopezkathleen@example.net,10/22/2019,Paris,VIP
Angela George,ascott@example.net,"May 30, 2024",Singapore,C
MATTHEW MOSS,brianmorrow@example.org,28-Aug-2019,Los Angeles,C
Dr. John Perkins,clarkpatricia@example.com,"September 27, 2022",Bangkok,
Brandon Sanchez,tracy38@example.com,"February 09, 2022",Sydney,C
John Henry,anna96@example.com,10/25/2021,Mumbai,
Kevin Jennings,jreyes@example.net,2020-12-27,Los Angeles,B
Ryan Thomas,,03/07/2022,Singapore,VIP
Laura Adams,ogreer@example.org,2022-04-04,Munich,C
Dillon Case,victor60@example.net,11/20/2020,London,B
Sarah Meadows,boydmichael@example.org,06/03/2023,Bangkok,VIP
Brett Keith,florescynthia@example.org,05-May-2024,Los Angeles,
Tamara Roberts,foxlinda@example.org,03/29/2024,Vancouver,
Shannon Medina,bhess@example.com,20-Nov-2023,Chicago,
Jennifer Goodwin,harrellkimberly@example.org,06/25/2020,Los Angeles,A
Stacy Williams,joneschristian@example.net,"January 24, 2023",London,A
Brittany Gay,robert97@example.org,2022-05-29,,C
CRYSTAL CARLSON,uclark@example.org,2019-05-10,Berlin,VIP
Shannon Thompson,scott04@example.com,07/14/2020,Bangkok,VIP
HEATHER LEVINE,bryan90@example.org,22-Sep-2020,Manchester,C
NICHOLAS BEARD,christopher88@example.org,"July 12, 2021",Los Angeles,B
james turner,noahthornton@example.com,2020-12-20,Los Angeles,VIP
ALLISON WISE,kwood@example.org,08/14/2019,Munich,VIP
BRIAN BROWN,martinnovak@example.com,23-Sep-2021,Bangkok,
FRANK WILLIAMS,tracy98@example.com,"January 15, 2022",Berlin,VIP
gina mcmillan,jameshicks@example.net,2022-02-09,London,B
thomas williams,kchaney@example.net,17-Oct-2019,Bangkok,A
David Smith,amassey@example.net,02/03/2019,Toronto,VIP
Fernando Mcconnell,smejia@example.net,2024-06-12,Munich,C
Kyle Nguyen,shortgregory@example.com,30-Nov-2023,Vancouver,A
JOSEPH BENTLEY,christopherward@example.com,"June 27, 2022",Vancouver,A
Jake Jackson,smithpaul@example.org,"June 05, 2022",Mumbai,A
Jessica Holmes,wrightcaleb@example.org,05/12/2024,Munich,VIP
Mary Lewis,foxashley@example.com,2019-07-05,New York,C
William Ramos,joseph69@example.net,25-May-2024,Chicago,
OSCAR CRUZ,markskristina@example.com,2022-02-06,Melbourne,A
heidi owen,stephaniethomas@example.net,2021-12-09,Manchester,VIP
Beth Shaw,josephross@example.net,05/13/2019,Chicago,C
Angela Barnett,madison00@example.org,10/25/2022,Los Angeles,A
JEFFREY EDWARDS,herbertward@example.org,29-Nov-2021,London,B
Donald Harris,tanya97@example.com,"July 13, 2022",Los Angeles,B
Wendy Smith,antoniocarter@example.com,"September 21, 2020",Vancouver,
Craig Mathis,suzanne19@example.net,08/05/2023,Munich,B
HAROLD GARRETT,wendyirwin@example.com,04/17/2023,Vancouver,
Stephen Alvarez,rmiller@example.net,15-Mar-2019,Chicago,VIP
Kelly Weiss,barbarabrady@example.net,2023-05-11,Sydney,B
maria cruz,danielgriffith@example.net,10/10/2022,Berlin,A
Joel Davis,imcdonald@example.com,"May 22, 2024",Manchester,
David Robinson,sarah53@example.org,02/13/2020,Toronto,C
paul finley,brandi90@example.com,2019-06-03,New York,B
ERIKA WATSON PHD,umckenzie@example.net,"February 22, 2020",Vancouver,VIP
Nathan Kirk,tlewis@example.com,31-Oct-2020,Singapore,
Michele Lewis,heather73@example.org,07-Mar-2024,Sydney,VIP
KARA SCHMIDT,jbarajas@example.com,"September 26, 2021",,VIP
Joshua Shepard,gallegoscrystal@example.com,"April 03, 2019",London,C
Audrey Reyes,andersonhenry@example.org,2024-03-02,Vancouver,A
tyler dunn,jameslawson@example.com,2020-07-25,New York,C
shelby lopez,christianhendrix@example.com,"July 26, 2020",Singapore,VIP
brett owen,welchkristen@example.net,"September 01, 2023",London,C
Jenna Lyons,kristina57@example.com,"December 14, 2019",,
Jane Wells,isaac45@example.org,12-Jul-2019,Singapore,B
Douglas Kline,jonesmegan@example.org,07/01/2022,Sydney,VIP
Whitney Moyer,kristy74@example.net,"September 22, 2022",London,C
norma myers dds,justin38@example.com,06/08/2024,Melbourne,
Christine Aguilar,baileychristopher@example.com,2020-05-14,Bangkok,C
Shawn Kelley,wisealexandria@example.org,2021-01-07,Vancouver,VIP
Tamara Reid,sheltontiffany@example.com,31-Dec-2019,Melbourne,
Jasmine Browning,qpennington@example.com,14-Oct-2021,Los Angeles,VIP
ARTHUR MCDANIEL,scottlove@example.org,2022-02-23,London,A
Kimberly Adams,cdouglas@example.org,12/01/2023,Manchester,VIP
cynthia rios,smiththomas@example.org,03-Mar-2024,Los Angeles,VIP
Thomas Norton,amandabenson@example.com,19-Aug-2019,Melbourne,VIP
Melody Baker,rmorgan@example.net,"May 09, 2020",Paris,VIP
Vicki Hernandez,nicholas09@example.org,"January 08, 2019",Manchester,C
Kelly Cole,ivanjohnson@example.net,01/21/2023,Los Angeles,C
Alfred Thomas,twilliams@example.com,2022-12-07,Toronto,
rachel kelly,gomezpaul@example.org,05/11/2019,Toronto,VIP
Michelle Lee,tyronerobertson@example.com,10-Feb-2021,Paris,A
Joseph Acosta,morrisonnicholas@example.org,"June 07, 2021",Chicago,VIP
MARK CLARK,brian41@example.org,"January 07, 2021",London,VIP
TINA DAVIS,christopher74@example.net,06/20/2023,Toronto,A
LAURA ACOSTA,shannon75@example.com,2023-11-15,Vancouver,
CARL HUNTER,psmith@example.net,2020-10-26,London,B
TRACEY NELSON,iwalker@example.org,"August 19, 2020",Melbourne,VIP
NICHOLAS PARKER,wdavis@example.net,07/13/2019,Sydney,A
david small,brownalexa@example.com,2019-01-23,Mumbai,C
John Boone,megan51@example.com,"February 12, 2020",Vancouver,VIP
MELINDA NELSON,christopherjones@example.com,"October 30, 2021",Paris,B
Danielle Bryant,janet45@example.com,23-Jul-2020,Melbourne,VIP
tiffany vaughn,,2021-12-29,Paris,VIP
Erica Richard,rhill@example.net,20-Nov-2023,Singapore,B
Emily Rodriguez,hahnsean@example.com,2021-09-09,London,
Heidi Johnson,kaylarobbins@example.net,"April 26, 2023",Sydney,
TRACI CAMACHO,susan08@example.net,09/29/2023,Singapore,C
Tina Daugherty,ulee@example.net,"December 09, 2021",Melbourne,
FRANCES CARDENAS,emilywalker@example.org,"March 21, 2024",Singapore,VIP
Ray Ramos,,"April 24, 2021",Manchester,A
Corey Jones,,07/27/2019,Melbourne,C
Julie Wilson,delacruzbrandy@example.net,14-Oct-2019,Los Angeles,
Mrs. Maria Williams,hritter@example.net,2020-02-25,Paris,B
Sheila Perez,newmanangela@example.org,07-Sep-2022,New York,
Andrea Townsend,tammy17@example.com,2020-02-29,Manchester,A
Dr. Jared Lee III,barbaraolsen@example.net,"November 21, 2022",Sydney,B
William Griffin,pjacobs@example.net,02-Feb-2022,Melbourne,VIP
JOSEPH BLACKBURN,chanamber@example.org,2022-05-03,Munich,VIP
Courtney Velasquez,ybailey@example.org,09/01/2022,Singapore,
Kimberly Gibson,bgross@example.net,12/22/2021,New York,C
Misty Mcguire,tracynolan@example.net,2020-08-25,Toronto,VIP
LYNN DAVIS,pcurry@example.net,2023-04-14,Singapore,
Jamie Duran,villawilliam@example.com,2022-07-16,Berlin,B
EVAN MYERS,qcoleman@example.org,05/11/2019,Berlin,
HAROLD ELLIS,lisamccarthy@example.com,"November 01, 2021",Bangkok,C
Brian Mullen,clarkmichael@example.com,12/03/2022,Singapore,A
RICARDO FRANKLIN,zcortez@example.net,04-Jan-2021,Berlin,VIP
KRISTINA BAKER,nicholashuffman@example.org,2021-12-15,Bangkok,
JESSICA LONG,reedelizabeth@example.net,03/31/2021,,C
Heather Williams,westashley@example.org,"April 24, 2019",Manchester,VIP
DENISE FORD,colton30@example.net,21-Feb-2022,Sydney,
Mrs. Marie Harrington DDS,herringjames@example.org,05/16/2020,New York,VIP
andrew armstrong,fmedina@example.com,12/15/2019,London,VIP
Erin Daniels,denisecarpenter@example.net,05/06/2022,Paris,VIP
Melissa Garcia,castropeter@example.com,"November 05, 2021",Singapore,C
BRIAN VILLA,omorris@example.net,"September 26, 2022",Mumbai,VIP
Jessica Holmes,wrightcaleb@example.org,06-May-2024,Munich,B
theresa gardner,hollyperkins@example.net,11/24/2019,Mumbai,
Michael Evans,sarah10@example.com,24-Mar-2023,Bangkok,
ROBERT CRUZ,jacobjacobs@example.net,30-Mar-2020,Manchester,C
ALLISON LOPEZ,hmcintyre@example.com,12/29/2019,Los Angeles,A
angela edwards,ryanlong@example.org,"March 06, 2021",Manchester,B
KATHRYN SNYDER,georgepamela@example.net,2023-07-14,Paris,
JENNIFER MOORE,christyscott@example.com,2020-12-26,Berlin,
michele waters,woodphillip@example.com,03-Sep-2021,London,VIP
James Whitaker,,02/10/2020,London,
Jennifer Warren,kristin96@example.com,2019-04-25,Los Angeles,B
jill jackson,flynnjeffrey@example.org,18-Apr-2023,Chicago,B
JASON MILLER,,08/02/2019,New York,VIP
TYLER DAVIS,jenniferwilliams@example.net,"February 15, 2022",Vancouver,VIP
Jessica Torres,justin75@example.net,01-Dec-2019,Munich,VIP
Amanda Swanson,michaelsherman@example.com,01/20/2019,Paris,
THOMAS PHAM,,"June 10, 2023",Paris,C
David Grant,yobrien@example.net,2024-04-25,Paris,A
Erin Mason,allenphillip@example.com,"March 24, 2024",London,A
LISA GONZALEZ,mccoyjames@example.org,03/22/2019,Mumbai,
Kimberly Brown,andersenthomas@example.com,07-Nov-2021,London,B
paul phelps,john86@example.com,26-Jan-2019,Chicago,VIP
Angela Morton,williamsyvette@example.org,16-Jul-2022,Melbourne,
Meghan Anthony,sheila14@example.org,"July 31, 2020",Vancouver,A
Paula Shepherd,jacquelineyoung@example.org,08/24/2023,Manchester,C
Jack Barton,rgallegos@example.org,2021-12-11,Manchester,C
Timothy Foley,james08@example.net,2021-09-09,New York,B
paul morton,ritteralexis@example.net,2022-03-04,Bangkok,
Amanda Miller,brianrowe@example.org,"April 26, 2020",Mumbai,B
DEANNA BARTLETT,millerangela@example.net,27-Mar-2019,Singapore,
Jeffery Holt,uwillis@example.com,20-Mar-2022,Vancouver,C
charles price,baileyhenderson@example.com,"April 24, 2019",Singapore,VIP
Christopher Moore,omullen@example.com,"December 24, 2023",Bangkok,B
Christian Hernandez,audrey81@example.com,"May 31, 2020",Vancouver,C
henry lutz,davidbrown@example.org,14-Feb-2019,Melbourne,A
kevin gilmore,yvang@example.org,19-Apr-2020,Mumbai,C
Eddie Adams,cnelson@example.com,2023-09-07,Los Angeles,B
margaret jones,morganfarrell@example.org,2019-04-04,Sydney,C
Robin Cabrera,villamiranda@example.com,"November 23, 2023",Vancouver,B
Keith Fuller,nicholasliu@example.com,2022-11-30,Los Angeles,
Alicia Irwin,donnathomas@example.com,2019-08-02,Chicago,VIP
STEPHANIE WILLIAMS,gregorysmith@example.net,12-Oct-2020,Paris,A
Robert Mendez,qgay@example.com,2019-03-23,Manchester,C
Bethany Robles,marisa87@example.org,2022-05-13,Toronto,A
John Blair,andrew22@example.com,05/03/2024,Berlin,B
christopher smith,jamesjackson@example.com,21-Feb-2022,Bangkok,B
Katherine Campos,albert64@example.net,29-Jan-2023,Mumbai,VIP
JEFFERY TAYLOR,nwilson@example.com,2024-03-10,Manchester,B
Jennifer Rocha,ithomas@example.org,"December 29, 2021",Chicago,C
Nichole Vasquez,dlivingston@example.org,06/22/2024,Singapore,VIP
Mark Carter,gomeztonya@example.com,2021-11-25,Singapore,C
Timothy Ryan,cainjordan@example.org,"April 30, 2020",Singapore,C
FRANK ARMSTRONG,mmathews@example.net,27-Feb-2024,New York,B
Dustin Bell,fsawyer@example.org,06-Dec-2020,London,C
Katherine Dunn,barnettmatthew@example.net,09-Nov-2019,Singapore,C
Tammy Schultz,sdavis@example.com,2023-12-07,Vancouver,B
Phillip Taylor,sandra03@example.com,"March 26, 2021",London,B
edward nicholson,ewilliams@example.org,2023-02-03,Chicago,A
jesse edwards,wallaceeric@example.com,04-Nov-2021,Manchester,C
Samantha Gardner,curtis54@example.com,06/09/2019,Bangkok,C
Andrew Romero,ryan43@example.org,"January 28, 2023",Munich,C
Kelly Jackson,kimberlygarcia@example.net,24-Jun-2024,Chicago,A
Anthony Hayes,marilyn67@example.net,"November 07, 2023",Paris,A
Mr. Bryan Mckinney,shannon51@example.org,14-Mar-2020,Munich,C
Amanda Mckenzie,troy73@example.org,03/09/2020,Munich,A
MICHAEL WEBSTER,morajamie@example.org,"December 27, 2021",Munich,VIP
Timothy Duncan,esanchez@example.com,"September 13, 2022",Chicago,B
Curtis Morgan,donnagiles@example.com,2023-08-27,Paris,A
Laurie Mason,nicholas72@example.net,08/11/2019,Vancouver,
Aimee Fisher,,17-Aug-2019,Vancouver,VIP
Jacqueline Rodriguez,travisunderwood@example.net,"May 20, 2022",Melbourne,C
James Wells,ashley74@example.org,2020-08-20,Vancouver,C
Eddie Mueller,stevenvargas@example.com,01/16/2024,Vancouver,
Michael Thompson,annettegutierrez@example.org,11/01/2019,Sydney,VIP
Megan Park,kandrade@example.org,2019-02-21,Los Angeles,VIP
Samantha Jacobs,uunderwood@example.com,2022-12-23,London,B
Robert Beck,zhughes@example.com,"June 21, 2024",Los Angeles,C
Leslie Bennett,ortizrobin@example.com,2020-05-12,New York,A
MAURICE ANDERSON,johnmarquez@example.net,"September 12, 2020",Sydney,A
John Woodard,devon88@example.org,19-May-2020,Paris,A
Stephanie Meyer,hufftina@example.org,07/26/2020,Melbourne,C
Angela Yates,pknight@example.org,10/21/2021,Manchester,VIP
julia olsen,conleykevin@example.net,27-Oct-2021,Munich,
WILLIE LUNA,kathryn17@example.org,07-Jun-2021,Singapore,B
Victoria Valdez,contrerasangela@example.net,"January 11, 2023",Sydney,VIP
TAMMY PARSONS,tluna@example.net,"August 14, 2022",Sydney,
Damon Powell,regina49@example.com,03/27/2022,Sydney,A
GEORGE ALVAREZ,kelleyjose@example.com,2022-01-04,Munich,C
edwin jackson,gmccarthy@example.com,"November 27, 2022",Manchester,C
Adam Guerra,lhernandez@example.com,"May 03, 2024",Bangkok,
Shane Moore,charles93@example.net,23-Feb-2020,Bangkok,B
MICHAEL CROSS,smoore@example.org,08/07/2019,Los Angeles,VIP
Darryl Christensen,,02/22/2021,Sydney,A
ashlee ross,burnsrodney@example.org,2021-06-03,Munich,VIP
Denise Wolfe,cody95@example.org,21-Dec-2020,Sydney,
Kimberly Chan,gouldchristina@example.com,"January 11, 2019",Chicago,VIP
Cassidy Horne,tranrobin@example.net,09-Apr-2023,Sydney,C
Michael Watkins,brandon69@example.org,12/23/2021,London,C
Cindy Cole,cherylnorton@example.com,2022-10-20,Vancouver,VIP
James Elliott,millerroy@example.com,"October 15, 2022",Berlin,
Lorraine Gibbs,aarongonzalez@example.com,21-Nov-2023,Paris,VIP
Jorge Sharp,tylermcintosh@example.org,2021-01-07,Singapore,VIP
cindy barnes,eric45@example.net,10/20/2022,Vancouver,C
Timothy Garcia,schultzwesley@example.org,17-Feb-2019,Sydney,B
Cory Harris,christopheranderson@example.com,2019-09-10,Manchester,A
Wanda Clark,,06/07/2023,Paris,B
VICTORIA GUERRA,kara01@example.org,"April 11, 2023",Manchester,
Angela Bradley,ibates@example.org,10/30/2020,Singapore,A
Jeffrey Smith,jamiegoodwin@example.org,01-May-2021,London,C
NINA BERNARD,karenshaw@example.org,"July 24, 2019",Chicago,C
Pamela Lewis,luke87@example.org,15-Oct-2019,Bangkok,C
nathaniel brown,shannon09@example.org,02-Sep-2021,Vancouver,C
Natalie Mullins,megangates@example.com,16-Sep-2022,Berlin,A
Gina Vega,james01@example.com,30-May-2019,Singapore,B
Samuel Ortega,wpatrick@example.net,"June 10, 2024",Melbourne,VIP
Elizabeth Ward,zowens@example.net,10/02/2020,Melbourne,
Brian Mullen,clarkmichael@example.com,"December 14, 2022",Singapore,B
Brittany Brown,fjohnson@example.com,04/18/2024,Vancouver,B
connor walsh,cherryjulie@example.net,"October 12, 2023",Sydney,B
Angela Willis,johnsoncaleb@example.net,"October 06, 2021",Vancouver,C
jessica miller,brooke28@example.net,17-Jun-2022,Manchester,A
Marcus Rich,housedaniel@example.com,02/15/2019,Chicago,C
MICHELLE GARCIA,jonesjessica@example.com,07/24/2021,Paris,A
Erik James,collinsbrittany@example.org,"May 21, 2024",Bangkok,B
Jesse Guzman,byoung@example.com,14-Feb-2019,Toronto,B
Michael Wells,tara92@example.net,24-Mar-2022,Paris,C
Patricia Anderson,timothygonzalez@example.com,01/08/2021,London,C
christine watson,barryyoung@example.com,27-Aug-2023,Chicago,B
Sharon King,zamorarose@example.net,2020-10-04,Melbourne,A
BETHANY GARCIA,nguyendebra@example.com,2023-02-18,New York,B
MRS. SHANNON JACOBSON,xcrosby@example.org,"May 20, 2020",Bangkok,C
Eric Clark,kathrynroberts@example.org,06/04/2024,Berlin,B
DILLON TRAVIS,qmassey@example.org,"May 12, 2021",Vancouver,B
Brad Allen,moorericky@example.net,02/11/2020,Melbourne,C
Nicole Hale,theodore57@example.net,2019-03-24,Vancouver,C
MATTHEW MOSS,brianmorrow@example.org,2019-08-17,Los Angeles,B
MATTHEW MITCHELL,glennmartin@example.org,10/09/2019,,B
Samuel Avila,franciscoreid@example.net,07/01/2023,New York,B
Eric Carlson,denisebennett@example.net,2021-07-18,Bangkok,
Richard Johnston,buckjustin@example.com,"February 15, 2021",Chicago,C
Susan Black,haleylove@example.org,2020-01-27,Mumbai,C
Luke Miller,pparker@example.net,2019-01-20,New York,C
MICHAEL HOWARD,manderson@example.com,"May 23, 2019",Paris,A
Robert Mckay,chamilton@example.com,04-Feb-2024,Sydney,C
MEGHAN WHITE,nmaxwell@example.org,28-Feb-2022,Vancouver,C
kimberly gibson,molly39@example.com,11/28/2020,Berlin,C
CATHERINE KIRK,pvang@example.net,28-Sep-2020,Sydney,A
Antonio Small,goodmanalice@example.org,"January 16, 2024",Berlin,A
Dustin Noble,haydenroger@example.net,2019-11-12,Sydney,
Ashley Parrish,juliahoffman@example.org,"July 19, 2023",Bangkok,VIP
DEVIN JOHNSON,anthonycochran@example.com,"March 15, 2021",Singapore,VIP
Patricia Alvarado,nzhang@example.net,12/14/2020,Los Angeles,A
RODNEY CARTER,brownkevin@example.org,13-Feb-2023,Singapore,B
Christine Parker,kelly15@example.com,05/31/2020,Paris,A
AMBER CAMPBELL,amitchell@example.org,06/04/2022,Berlin,A
Monique Duarte,freemantodd@example.net,"July 13, 2023",London,VIP
victoria frost,kimberlyrussell@example.net,"March 04, 2024",Chicago,A
Michael Martinez,,23-Apr-2020,Melbourne,VIP
Eric Rosales,ncruz@example.net,22-Nov-2023,Los Angeles,A
Leslie Powers,david41@example.org,27-Aug-2019,Berlin,C
Jessica Carey,,07-Jun-2019,Toronto,A
AMBER BENNETT,sarahbrooks@example.org,2021-02-16,London,A
alicia gilmore,wwoods@example.com,2023-01-14,Los Angeles,C
Barbara Lewis,marcus06@example.net,2023-10-18,Vancouver,VIP
LAURA JONES,ddixon@example.com,01-Nov-2019,Munich,B
Joseph Moody,gallagherstacie@example.net,"June 22, 2023",Berlin,B
Meredith Black,rtaylor@example.net,"August 25, 2020",Chicago,
thomas curry,bryan79@example.org,2020-01-04,Berlin,A
Mercedes Jones,robertsgina@example.net,09-Jun-2020,London,A
stephen jones,mcclainmelissa@example.net,05/07/2019,Paris,VIP
Chelsey White,anthonycherry@example.org,05-Oct-2022,Singapore,
stephen thompson,mikemorgan@example.org,2022-11-27,Paris,A
TAMMY PARSONS,tluna@example.net,06-Aug-2022,Sydney,B
ROBERT BURNS,kelleycarlos@example.org,06/14/2023,Mumbai,
beth kirk,davidkane@example.com,2022-03-27,Toronto,B
MICHAEL BURTON,terrykevin@example.net,2024-02-22,Toronto,B
joseph mendoza,chavezjohn@example.net,28-Mar-2020,London,B
paula lane,silvageorge@example.net,"August 25, 2021",Mumbai,A
katelyn kim,christophermay@example.com,09/14/2021,Mumbai,B
megan floyd,heather62@example.com,16-Jun-2019,New York,C
TYLER MCDONALD,davidsmith@example.net,21-Nov-2023,Bangkok,C
mark cox,kimberly23@example.com,11/07/2021,Melbourne,C
Mary Thompson,zimmermanjacqueline@example.org,02/13/2024,,A
david hanson,timothytate@example.com,09/26/2022,Bangkok,VIP
Sarah Wallace,fsnyder@example.org,"October 09, 2019",Paris,
mr. david rivas,samuel38@example.net,"September 29, 2021",New York,B
sarah roberts,kevinmendez@example.org,04/09/2020,Toronto,
JESSICA ROSS,,"July 19, 2020",Sydney,A
Ernest Oconnell,kelly79@example.org,13-Feb-2020,Sydney,VIP
Keith Choi,jamesbass@example.net,"February 19, 2020",New York,C
Kenneth Turner,rebeccajames@example.org,2019-03-08,New York,
Robert Taylor,makaylasanders@example.com,"June 29, 2021",Los Angeles,B
Jeffery Snyder,gregorymitchell@example.net,"September 14, 2021",Chicago,A
Makayla Steele,tapiaaaron@example.net,"June 07, 2019",Bangkok,VIP
Cassandra Roberts,kathryn21@example.com,21-Nov-2022,Berlin,B
Sarah Ashley,vmedina@example.net,09-Feb-2022,Vancouver,
Paul Moss,coxmelissa@example.org,04/18/2024,,C
stacey cook,debbie78@example.net,26-Jan-2021,New York,
BLAKE SOSA,waustin@example.net,"September 23, 2019",Los Angeles,B
Jonathan Collins,stephaniezamora@example.org,27-Sep-2019,Bangkok,B
Michelle Chavez,brandi26@example.net,15-Mar-2022,Mumbai,
kimberly patel,johnreed@example.com,07/10/2021,Los Angeles,VIP
JACOB CAMPOS,robert24@example.org,13-Jun-2023,New York,VIP
amanda hernandez,xrush@example.com,"December 16, 2020",Singapore,
Nicole Perez,matthew38@example.org,06/30/2022,Paris,A
kathleen davis,pwagner@example.org,"December 06, 2019",Bangkok,A
Catherine Davis,amybrennan@example.net,20-Dec-2021,Bangkok,B
Sheryl Buck,dpeters@example.com,22-Jan-2024,Melbourne,VIP
Mrs. Stacey Davis,sean43@example.org,2022-12-26,Singapore,B
Angela Wade,michelle10@example.org,07-Sep-2023,Melbourne,A
Matthew Diaz,woodskaitlyn@example.net,17-May-2020,Mumbai,VIP
Tiffany Peterson,sandra57@example.org,08-Dec-2023,Paris,B
Karen Mendoza,brittanyholland@example.com,02-Apr-2021,Melbourne,VIP
suzanne johnson,stacey92@example.net,"May 16, 2021",Melbourne,
Amanda Huff,eddie35@example.com,2021-06-01,Chicago,VIP
Anita Richard,ryanmorales@example.org,2020-11-02,Munich,
Rachel Holland,riveraangela@example.com,2019-10-24,Mumbai,
anthony wong,cartercatherine@example.net,06-Jan-2023,Singapore,VIP
Dr. Sharon James,xreid@example.org,26-Aug-2023,Vancouver,
SHANNON RIVERA,zroberts@example.net,07-Dec-2022,Paris,B
Beth Shaw,josephross@example.net,2019-06-18,Chicago,A
Louis Rogers,jmcfarland@example.com,01-Apr-2022,New York,C
lisa dixon,melissabrown@example.net,"October 11, 2022",Manchester,B
Alexandra Harper,paul34@example.com,"March 15, 2023",Melbourne,VIP
Sherry Brewer,claire06@example.net,16-Mar-2024,Berlin,C
Luke Reynolds,lbartlett@example.net,2023-07-27,Melbourne,C
Lisa Haynes,grivas@example.net,05-May-2024,Berlin,B
gary myers,robertsonshelby@example.com,"September 22, 2020",Berlin,C
Sandy Bennett,jenniferwalls@example.com,10/20/2020,Mumbai,B
KRISTEN SMITH,john91@example.org,08/07/2020,Sydney,A
David Manning,clarkrandy@example.org,2020-06-24,Vancouver,
RICHARD KELLY,champton@example.org,11-Feb-2020,Berlin,
Theresa Reilly,adamrodgers@example.net,11/10/2019,Toronto,B
Jessica Martinez,kimberlydiaz@example.com,"December 11, 2019",Singapore,C
diane gilbert,jeremylopez@example.net,05/05/2022,Bangkok,VIP
TANYA SHANNON,amanda21@example.com,"July 08, 2023",Los Angeles,A
Paula Johnson,bconrad@example.org,2019-10-23,Toronto,A
Nathan Watkins,yprice@example.net,11/22/2022,Singapore,B
Judith Maynard,lutzmelanie@example.com,2021-02-17,Munich,VIP
Breanna Jimenez,sullivanchristina@example.net,"February 18, 2024",Vancouver,
Laura Williams,nathan29@example.net,2019-07-25,Manchester,VIP
SARAH WALLACE,gonzalessteven@example.com,"May 10, 2024",Singapore,A
Fernando Smith,jason95@example.org,"February 08, 2021",Melbourne,A
James Torres,nicholas97@example.org,20-Sep-2019,New York,
DANIEL FRANCIS,susan24@example.net,2021-09-08,Mumbai,VIP
CRAIG HURST,swilson@example.com,16-Apr-2020,Paris,C
Angel Hawkins,cookjimmy@example.com,03/13/2021,London,
Jennifer Sampson,gbraun@example.org,2024-01-04,New York,B
Samuel Olson,andres97@example.com,"January 25, 2023",Manchester,B
James Martin,jenniferwilliams@example.com,04/13/2022,Sydney,A
ralph vasquez,cpierce@example.org,"December 10, 2021",Sydney,A
Christina Henry,jeremiah26@example.net,08-Feb-2021,Chicago,A
James Miller,daniel15@example.org,05/10/2024,Vancouver,VIP
RICHARD SIMMONS,oconnelldavid@example.org,26-Mar-2020,Chicago,A
Brian Brown,jenniferhorne@example.net,2021-05-23,Sydney,
Jasmine Mosley,patrick21@example.net,"January 29, 2023",Melbourne,C
CATHERINE HUANG,lisa01@example.net,07/04/2021,Berlin,C
mrs. alison wagner,richardsondebra@example.org,2021-03-11,London,B
Samuel Roberts,ashleynash@example.org,"May 23, 2023",Toronto,C
DAVID DAVIS,keyemily@example.com,"October 22, 2020",Vancouver,
Bruce Harris,eric47@example.net,03/11/2019,Toronto,
SARAH DAVIS,jasonrodriguez@example.com,2024-02-01,Singapore,B
MARK DENNIS,clarkdavid@example.net,"April 25, 2023",Paris,VIP
Jennifer Pena,charlesharrington@example.com,"October 28, 2023",Vancouver,A
Johnny Jenkins,mary05@example.net,2023-01-31,Munich,A
CLINTON JENSEN,james29@example.org,2019-12-04,Sydney,A
Katherine Christensen MD,osmith@example.net,2020-09-26,Los Angeles,C
Brian Soto,williamstanya@example.net,"January 29, 2020",Melbourne,B
Tammy Mendoza,hannah27@example.net,06/29/2019,Chicago,B
susan torres,wrobbins@example.org,11/23/2021,London,
Julian Ponce,kentprice@example.org,26-May-2020,Manchester,A
thomas williams,kchaney@example.net,12-Oct-2019,Bangkok,
Wanda Jefferson,johnathandavis@example.com,25-Jun-2024,Paris,C
Jonathon Hill,mannleroy@example.org,2022-10-21,Los Angeles,A
MEGAN RIVERA,ithomas@example.net,17-Sep-2020,Melbourne,C
Daniel Thompson,lisaalvarez@example.net,03/22/2021,Chicago,A
SUSAN GARCIA,shafferdale@example.net,"March 13, 2022",Bangkok,B
Thomas Bailey,peter64@example.com,"February 07, 2024",Mumbai,VIP
Susan Zimmerman,abbottchristopher@example.net,"September 24, 2021",,A
William Patterson,nicoleturner@example.com,09/07/2020,Toronto,C
RITA FORBES,russomary@example.com,2020-03-07,Melbourne,A
Brendan Meyer,watkinsthomas@example.net,"February 07, 2021",Toronto,VIP
MICHAEL PHILLIPS,brittany29@example.com,05/22/2021,Berlin,C
Gabrielle Davis,howardmaurice@example.com,11/30/2022,Chicago,
Susan Cox,rodriguezmichael@example.net,03/26/2022,Sydney,B
Anthony Brown,cookconnor@example.com,02-Aug-2021,Berlin,A
Connor West,dwhite@example.org,11/23/2020,Los Angeles,C
Laura Lewis,oadams@example.net,2024-07-01,Melbourne,
Robert Wilson,amber40@example.net,"February 08, 2023",Chicago,B
HEATHER MORALES,jenniferwilson@example.com,07-May-2024,London,VIP
William Barnett,eadams@example.org,06/04/2021,,
patrick snyder,lindseyroberts@example.org,30-Dec-2022,Toronto,A
sarah pittman,kellyruiz@example.net,11/26/2023,Singapore,VIP
Sonya Wilcox,miranda13@example.org,15-Oct-2020,Manchester,A
Brandon Cruz,ronaldmitchell@example.com,17-Dec-2019,Los Angeles,VIP
GREGORY HOLMES PHD,gary24@example.net,2019-02-04,New York,
leslie todd,jessica96@example.com,09/02/2022,Manchester,B
Matthew Crawford,peterlove@example.net,05/18/2021,Bangkok,C
Jeffery Jordan,tyler31@example.net,2019-11-05,Melbourne,VIP
MRS. KIMBERLY CANNON,nfleming@example.net,2021-03-21,Singapore,A
adam daniels,lawsonpaul@example.org,08-May-2024,Chicago,
Veronica Silva,carlsonjoseph@example.net,"July 22, 2019",Bangkok,VIP
wayne porter,stevenhernandez@example.com,26-Sep-2020,Toronto,A
Jason Beck,millsmichael@example.net,17-Nov-2023,Chicago,VIP
BRAD BEARD,jeremy70@example.net,22-Oct-2022,New York,
Jeremy Turner,brittany58@example.org,20-Mar-2020,London,A
ANDREW SMITH,jameshudson@example.com,"April 13, 2022",Mumbai,B
Jeremy Martinez,hphillips@example.net,2023-07-07,Mumbai,VIP
Erin Carter,laurenboyd@example.com,2023-04-04,Berlin,C
NICHOLAS BEARD,christopher88@example.org,06/09/2021,Los Angeles,VIP
Jeffery Snyder,gregorymitchell@example.net,"August 18, 2021",Chicago,B
Carl Stein,david70@example.org,06/07/2019,Singapore,A
lisa martinez,kthompson@example.org,25-Jul-2021,Singapore,A
linda bautista,daniellegonzales@example.org,08-Jul-2023,New York,A
John Brown,xprice@example.net,2021-06-02,London,C
Amy James,william32@example.net,"November 01, 2021",Mumbai,B
Karen Perez,crosscurtis@example.com,04/09/2023,Singapore,B
Allison Hubbard,nicolehenry@example.net,"November 07, 2020",Manchester,C
Rebekah Greene,erin07@example.com,"October 24, 2022",Munich,
Tamara Brown,jeremy75@example.org,10/18/2019,London,
miss brianna brown,james80@example.com,10/20/2020,Munich,VIP
Karen Avery,wlucas@example.net,05-Feb-2019,Manchester,C
Shawn Lozano,arobinson@example.net,26-Nov-2019,Bangkok,VIP
ALEXANDRA HODGE,robertsonjennifer@example.com,01/15/2019,Berlin,VIP
Adrian Lee,lori69@example.net,"January 22, 2019",Mumbai,A
STANLEY TAYLOR,gregory07@example.net,2020-11-08,Berlin,VIP
Rachel Hill,jamesparker@example.net,"February 17, 2024",Singapore,C
tyler brown,joysanders@example.net,13-Sep-2020,Berlin,A
Danielle Phillips,eandrade@example.org,27-Oct-2023,Mumbai,VIP
CARLA HOOVER,jenniferrodriguez@example.org,2023-07-19,Melbourne,B
samuel suarez,thompsonnancy@example.org,14-Jul-2021,Manchester,
Jennifer Nelson,adamarmstrong@example.net,11/22/2020,Los Angeles,C
Larry Carter,holmesdiane@example.org,11/18/2020,Sydney,
SANDRA JONES,ichambers@example.net,2021-03-24,Mumbai,B
danielle murphy,patriciavargas@example.org,"March 06, 2019",Mumbai,C
ELIZABETH CAIN,samantha73@example.org,"March 31, 2021",Sydney,VIP
Lori Johns,raymondstacy@example.org,"March 26, 2020",Munich,B
ROBERT JACKSON,iwhite@example.net,06/25/2020,Bangkok,
George Le,zwilson@example.net,"July 11, 2020",,VIP
Miss Patricia Davidson,edwardstewart@example.org,2023-07-14,Singapore,VIP
KENNETH DOMINGUEZ,vhoward@example.org,"February 12, 2020",Chicago,B
James Jefferson,zbanks@example.org,2020-04-02,Chicago,A
thomas zhang,middletonelizabeth@example.org,2020-09-04,Manchester,A
mary hopkins md,,2022-11-29,Munich,
MATTHEW GREENE,collinclark@example.net,03-May-2020,Los Angeles,
christopher johnson,patrick11@example.org,"April 23, 2021",Berlin,A
Kendra Peterson,lindsay25@example.net,08/26/2023,Melbourne,B
Isaac Payne,james54@example.com,28-Apr-2021,Vancouver,VIP
Sarah Mcfarland,hbrown@example.org,16-Mar-2024,Chicago,VIP
Ronald Patel,thomas05@example.com,"February 04, 2021",Munich,VIP
Elizabeth Collins,shaffercindy@example.org,"October 19, 2022",New York,B
Patricia Parker,schneiderchristopher@example.net,12/11/2019,Manchester,A
Andrew Acosta,robinsonrose@example.org,"June 15, 2023",Melbourne,C
Kathy Murray,jcontreras@example.net,"May 22, 2021",Toronto,
Mark Brown,mjones@example.org,"July 16, 2023",London,
MICHELLE HO,laurahicks@example.org,09-Feb-2021,New York,C
Linda Thompson,ushelton@example.net,26-Feb-2021,Berlin,
austin jones,mccannkimberly@example.net,10-Oct-2020,Mumbai,VIP
Jennifer Gutierrez,amydickson@example.com,"April 08, 2022",Bangkok,A
Vanessa Moore,mwoods@example.com,23-Aug-2020,New York,B
rachael howard dds,kcooper@example.net,20-Jul-2022,Melbourne,B
Joseph Watson,,2023-07-21,Vancouver,B
Dr. Jared Lee III,barbaraolsen@example.net,10/18/2022,Sydney,C
Anthony Velasquez,janet65@example.com,09/28/2023,Paris,
Douglas Hartman,daniel93@example.net,"March 21, 2022",Sydney,VIP
Daniel Shaw,daniel32@example.com,22-May-2022,London,C
patricia harvey,garrettbeth@example.org,"January 10, 2022",Toronto,B
Rebecca French,olivermatthew@example.org,"July 04, 2022",Paris,A
Tanya Foster,pfowler@example.org,"August 16, 2019",Chicago,C
adriana davenport,gpeterson@example.org,"September 24, 2019",Paris,
Charlotte Sandoval,njohnson@example.org,"March 28, 2020",Paris,VIP
Seth Barker,taylordavis@example.com,"October 17, 2019",Los Angeles,A
Lisa Jackson,mitchell21@example.net,2023-08-04,Chicago,A
Heidi Blankenship,talvarez@example.org,02/13/2022,Paris,A
ALEXANDER JOHNSON,jjohnson@example.com,2024-04-26,,VIP
Heather Thomas,sylviaprice@example.com,"December 27, 2020",Bangkok,B
Melissa Russell,davidphillips@example.net,16-Mar-2024,Berlin,
joshua brooks,michael77@example.com,23-Feb-2023,Sydney,C
PHILLIP LEWIS,roberthamilton@example.net,2020-05-30,New York,C
William Hoffman,uvasquez@example.org,2019-07-19,Munich,A
Valerie Barnes,jennifer55@example.org,04/24/2023,Munich,B
Lisa Williams,sydney77@example.com,04/20/2020,Los Angeles,
William Morgan,bmartinez@example.net,2020-05-18,Bangkok,C
Jordan Wilson,rhuff@example.com,22-Feb-2021,Bangkok,VIP
Angela Lee,gonzalespatricia@example.net,15-Aug-2022,,A
Dalton Soto,wanda35@example.net,14-Aug-2021,Melbourne,B
Lisa Rodriguez,webbhaley@example.net,2019-11-26,Paris,
Phillip Dixon,kwalker@example.org,2023-03-31,,A
Joshua Clements,langchristopher@example.net,29-Aug-2022,Toronto,VIP
MICHAEL ROBINSON,scottcain@example.org,"March 28, 2022",Mumbai,B
Abigail Case,schmittmichael@example.org,28-Mar-2021,Paris,C
MISS KATHRYN MYERS,sherryknight@example.org,"September 10, 2021",Berlin,A
Teresa Russell,branchthomas@example.com,23-Jul-2022,Chicago,C
KATHERINE BROWNING,lammarc@example.org,06/18/2022,New York,VIP
Caitlin Smith,rrogers@example.com,10-Jul-2022,Toronto,B
Mr. Thomas Thompson,jessicaanderson@example.com,2020-06-14,Paris,A
ANDREA GOODMAN,ecamacho@example.com,26-Nov-2022,New York,C
Ryan Gonzalez,ywright@example.net,2021-03-27,Manchester,
Paul Diaz,,"April 04, 2020",Toronto,
Zachary Brooks,florescory@example.net,"April 11, 2024",Sydney,
michael thompson,ocampbell@example.com,2023-04-16,Chicago,C
John Russell,robertchase@example.net,"March 18, 2022",London,
Stephanie Freeman,,23-Dec-2019,Bangkok,A
Anthony Nash,mercedesholland@example.net,2020-11-18,Vancouver,A
christopher mason,michaelmccarthy@example.com,01/25/2019,London,B
stacy church,qwalsh@example.org,12/30/2022,London,VIP
Christina Williams,rjimenez@example.com,2023-12-19,Toronto,
TRAVIS WISE,debra96@example.net,07/11/2024,Vancouver,
Mary Riley,hbaker@example.org,06/01/2021,Berlin,A
BRIAN MOORE,ijones@example.com,2021-12-13,Mumbai,
Darren Pham,dhardin@example.net,"August 01, 2022",Los Angeles,C
Kayla Fisher,brent67@example.net,17-Oct-2019,Chicago,A
Michael Wilson,brucefrancisco@example.org,01/07/2021,Sydney,VIP
CURTIS KRAUSE,heidi41@example.com,"October 27, 2019",Bangkok,VIP
Sonya Simmons,veronica30@example.org,08/16/2022,London,A
Michael Cooper,katrinaanderson@example.net,2022-08-16,Munich,C
Kimberly Irwin,sharphailey@example.net,"October 10, 2019",Mumbai,VIP
Elizabeth Hunter,katie15@example.com,2021-07-17,Bangkok,VIP
Troy Fowler,,09-Dec-2021,Sydney,B
Joseph Graham,sara76@example.net,08/05/2020,Singapore,
Alicia Wagner,longgary@example.com,"April 28, 2019",Sydney,B
WILLIAM WALKER DVM,michael95@example.org,"December 07, 2023",Melbourne,VIP
Jerry Boyd,ashleygarcia@example.org,2021-03-06,Melbourne,VIP
briana wiggins,jamiejohnson@example.com,"June 19, 2020",Vancouver,C
Michelle Munoz,chiggins@example.com,23-Jan-2023,Melbourne,B
MICHELE HAWKINS,millertristan@example.com,"July 06, 2020",Bangkok,C
Gary Choi,parkerkatie@example.com,"May 06, 2021",Toronto,B
Jason Velazquez,jacksonjoshua@example.org,22-Sep-2019,Berlin,C
Melissa Carroll,nunezgary@example.net,04/04/2020,Berlin,
AMANDA TAYLOR,dorothy87@example.org,11/10/2019,Manchester,C
Sherry Adams,georgeharris@example.net,23-Apr-2020,Berlin,A
jonathan delgado,fitzpatrickelizabeth@example.com,2021-12-29,Sydney,VIP
ADAM HOWE,,"September 08, 2019",Munich,A
Ashley Osborne,phillipmorris@example.org,01-May-2023,Bangkok,A
mark munoz,lisawalker@example.com,05/17/2020,New York,
william gould,kylemartinez@example.net,10/25/2020,Vancouver,VIP
LYNN YANG,eroberts@example.net,2019-09-16,Singapore,
Hailey Beltran,joshuabowers@example.com,2019-09-16,Los Angeles,B
Sara Preston,,02/24/2022,Singapore,A
Steven Hicks,emartin@example.com,05/20/2019,Chicago,
MARTIN NEWTON,ecohen@example.com,09-Aug-2022,New York,B
Juan Phillips,zgraham@example.org,"January 25, 2021",Vancouver,B
CLAUDIA RODRIGUEZ,taragonzales@example.com,04/27/2021,Mumbai,C
Pamela Thompson,lmoon@example.net,08/09/2021,Singapore,C
Brent Smith,markfigueroa@example.com,05/11/2019,Munich,
Hannah Thompson,wwatson@example.com,2019-07-16,Chicago,B
Oscar Todd,brownnicholas@example.com,13-Nov-2021,Berlin,VIP
KEVIN WERNER,rodriguezchristina@example.net,19-Mar-2020,Singapore,C
William Becker,andersoncolin@example.com,"February 13, 2020",Mumbai,
gavin zhang,,04-May-2020,Melbourne,C
Shari Parker,russellstout@example.org,"January 25, 2024",Melbourne,A
jesus flores,corythompson@example.org,2024-03-09,Bangkok,A
Corey Thomas,jensenchristopher@example.org,2021-07-09,Mumbai,
NICOLE MOORE,zamoraamber@example.com,2019-05-24,Singapore,VIP
CINDY THOMAS,danielsshaun@example.net,"June 14, 2020",Munich,C
Travis Vega,victorgonzalez@example.net,12-Nov-2020,Berlin,VIP
Adrian Gibbs,leroy57@example.com,07/15/2019,Bangkok,VIP
Scott Pacheco,collinsterrance@example.com,2021-01-03,Singapore,C
David Johnson,alexandernicholas@example.net,02/13/2019,Toronto,
Patricia Becker,courtneyberger@example.net,10/19/2020,London,C
KIM GOODWIN,olsondavid@example.net,14-Dec-2022,London,A
andrew chavez,duncanandre@example.net,03/02/2019,Berlin,
cody walker,charles37@example.org,05/02/2021,Chicago,C
Stephanie Malone,,08/25/2021,Singapore,C
dorothy bowman,sara40@example.net,2023-06-25,Berlin,B
Jason Payne,petersonfaith@example.net,06/10/2023,Munich,VIP
Steven Sandoval,blairabigail@example.net,2019-10-23,Sydney,B
Sandra Dawson,fcastro@example.net,"March 05, 2024",Toronto,
Gina Barnes,sfarmer@example.net,2023-08-03,Melbourne,VIP
jacqueline munoz,vford@example.net,08/17/2021,Singapore,VIP
megan davis dds,phill@example.com,"May 21, 2023",Mumbai,VIP
Robert Byrd,iwoods@example.com,"September 12, 2022",Melbourne,
Lisa Beard,tracifoster@example.org,02-Aug-2023,Singapore,A
ANDREW MITCHELL,holmesvictoria@example.com,2023-05-26,Munich,A
dawn hall,hensleyvalerie@example.net,"July 06, 2022",Sydney,A
bianca velazquez,cheryl98@example.net,"June 16, 2024",Singapore,B
Matthew Fox,sue78@example.com,02/03/2019,Munich,VIP
Maria Fischer,kimberlybrandt@example.com,06-Mar-2021,Singapore,VIP
Lisa Alvarado,cortezkevin@example.com,"November 16, 2022",Bangkok,VIP
stacey snyder,ybell@example.org,"April 19, 2020",Berlin,C
Carlos Hensley,audrey47@example.org,18-Jul-2022,Paris,A
CHRISTOPHER BRADLEY,wilsonmatthew@example.com,18-Sep-2023,Singapore,C
Emily Reyes,scottbaker@example.org,22-Oct-2019,Los Angeles,A
Pamela Smith,jasonmoran@example.com,08/17/2021,Berlin,A
Joseph Jennings,jeffrey44@example.org,12-Mar-2023,London,C
BRANDON JORDAN,fgarcia@example.com,03/20/2022,Los Angeles,A
patricia johnson,enelson@example.com,"November 30, 2022",Mumbai,C
brian simmons,jose86@example.net,"February 10, 2024",Berlin,B
David Hayes DVM,aliciathompson@example.com,2023-10-26,Bangkok,A
JORGE BATES,anna99@example.com,07/11/2019,Vancouver,B
Patricia Peterson,ryan70@example.net,"May 27, 2021",Paris,B
Sonia Reyes,morgandana@example.com,25-Feb-2021,Manchester,
Sarah Archer,marygomez@example.com,2021-03-10,Munich,VIP
Jacqueline Villegas,carpenterwilliam@example.net,"September 14, 2023",Toronto,VIP
debbie king,ucarr@example.org,"February 01, 2019",Paris,A
Kelli Shepard,qbutler@example.net,24-Dec-2023,Singapore,VIP
Brian Moore,christopherjackson@example.net,12/15/2023,Paris,B
Tammy Cook,hbutler@example.org,11-Apr-2022,Chicago,VIP
Olivia Rodriguez,stephen39@example.com,06/14/2020,Melbourne,C
JEANNE JONES,byrderic@example.com,19-Dec-2021,New York,C
brett walker,seanmyers@example.net,"March 05, 2020",Singapore,A
MISS MEGAN COMPTON,martinreid@example.net,"November 24, 2020",Toronto,A
Sonya Wilcox,miranda13@example.org,2020-09-19,Manchester,C
Cathy Mcdonald,mcox@example.net,12/03/2019,Vancouver,A
tyler white,tina63@example.net,"May 23, 2022",Mumbai,
Megan Terry,josegibson@example.net,27-Sep-2021,Singapore,C
James Miller PhD,ryanpatricia@example.net,06/05/2023,Chicago,
Caroline Edwards,jenniferdavidson@example.com,"September 25, 2023",Berlin,C
Melissa Morris,hodgesanna@example.net,04/23/2021,Berlin,B
Richard Adams,campbellkenneth@example.net,09/17/2019,Munich,B
Daniel Edwards,shelby69@example.org,04/07/2024,Manchester,B
kathleen jimenez,laurie61@example.com,26-Dec-2020,Singapore,B
tricia valencia,frazierdanny@example.net,"October 20, 2019",Berlin,C
KENNETH FARLEY,taylorkaren@example.com,18-May-2019,Toronto,C
LINDA PATRICK,wernermichael@example.org,2022-12-27,Vancouver,VIP
Douglas Watkins,freemanadam@example.com,"July 01, 2021",Chicago,C
Mike Maxwell,lcook@example.com,09-Sep-2020,Bangkok,VIP
CLIFFORD CANNON,hernandezalan@example.net,10/12/2023,Munich,C
Mary Rogers,lrosales@example.com,"March 14, 2020",Melbourne,B
ROBIN TORRES,mezarichard@example.com,2020-06-06,Manchester,A
katherine frost,xwaller@example.com,2022-09-16,New York,B
Deanna Kennedy,kathryn72@example.org,07-Nov-2021,Berlin,
Brian Christensen,mandypetty@example.com,03-Jun-2022,Melbourne,C
Michelle Ray,kendraharris@example.org,12/07/2021,Manchester,
Sara Moore,james10@example.com,05/13/2022,Singapore,A
crystal robinson,zimmermanbrian@example.org,01/13/2021,Bangkok,
Rachel Martinez,tammymerritt@example.org,2020-04-25,Bangkok,C
Heather Snyder,asteele@example.net,05-Jun-2022,Mumbai,C
stephanie armstrong,petersonfrank@example.org,12/18/2022,Vancouver,
JENNA WATSON,fletcherjanet@example.org,05/10/2019,Sydney,VIP
TARA MIRANDA,schneidernicholas@example.net,06/03/2024,Sydney,B
Heather Page,imartin@example.org,11/14/2019,London,B
John Bennett,wmccarthy@example.org,15-Jun-2023,New York,
Diane Martinez,oacosta@example.org,10/11/2023,Berlin,A
Michelle Butler,welchjennifer@example.net,18-Nov-2023,Manchester,C
JAMIE JOHNSON,swatson@example.org,09/19/2021,Chicago,VIP
kevin miles,hamiltonspencer@example.com,"March 02, 2023",Berlin,VIP
dillon jones,derekcarrillo@example.org,06/20/2022,Singapore,B
hector anderson,vgarcia@example.com,2024-02-21,Toronto,VIP
Hannah Martin,savannahgrant@example.com,09/08/2023,Chicago,B
Zachary Miller,mendezlori@example.org,2021-08-22,Los Angeles,VIP
KATHERINE WELLS,johnsonanthony@example.net,25-Dec-2020,Chicago,A
kim martinez,karroyo@example.com,2023-11-29,Melbourne,
Kimberly Matthews,nicolepena@example.com,12/06/2023,Melbourne,VIP
Derrick Johnson,karla66@example.net,19-Aug-2023,Berlin,
DANIEL GREEN,matthewspencer@example.org,06-Sep-2019,Vancouver,VIP
anthony dougherty,kwright@example.com,21-Feb-2023,Mumbai,A
ashley sweeney,byrdfrank@example.net,2019-05-08,Toronto,A
Elizabeth Martinez,whernandez@example.net,2023-07-24,London,B
SONYA MIRANDA,ashley14@example.org,"June 01, 2024",Los Angeles,A
ashley holder,martinsarah@example.com,06/19/2021,Vancouver,C
Crystal Nguyen,michael40@example.org,01-Jan-2023,Melbourne,
JAMES RODRIGUEZ,alexandrablankenship@example.net,"November 03, 2021",Melbourne,
Mr. George Booker DDS,browndeanna@example.net,"January 26, 2022",Vancouver,
Carolyn Bradley,higginsryan@example.com,12-Jan-2022,London,VIP
JEREMY EVANS,larsonmichael@example.org,14-Jan-2020,Berlin,
Alexandra Johnson,rachel51@example.org,2021-06-16,New York,VIP
Allison Love,millerbrian@example.com,"April 02, 2024",Los Angeles,A
Nicholas Brooks,oobrien@example.net,22-Feb-2022,Manchester,VIP
Alfred Leonard,taylormichael@example.net,04-Nov-2023,Melbourne,
Connie Hamilton,dalton78@example.net,02/13/2022,Los Angeles,A
natasha hill,lpreston@example.net,30-Jul-2020,Berlin,VIP
Amy James,william32@example.net,12/05/2021,Mumbai,
randy cannon,ybrooks@example.com,02/23/2019,Berlin,B
JESSICA GLASS,jamesbrooks@example.net,08/11/2023,Munich,B
Kelly Combs,landryelizabeth@example.org,2020-02-03,Munich,C
Katherine Williams,heather77@example.net,"June 16, 2023",Chicago,VIP
Samantha Davis,darleneharper@example.org,12-Apr-2023,Munich,C
Teresa Watkins,harringtonpeter@example.net,01/21/2022,New York,B
Lisa Mcknight,jonessamantha@example.com,10/01/2023,Toronto,VIP
Stephen Garcia,andrew43@example.com,"February 10, 2022",Munich,B
FRANCISCO ESTRADA,meganjames@example.org,2023-11-18,London,C
Jeremiah Baker,anne21@example.org,"January 19, 2020",Chicago,C
Julie Wilson,whitechristopher@example.com,06/18/2022,Toronto,B
dr. kimberly henderson,dwilliams@example.net,26-Aug-2019,Munich,
Kayla Williams,shafferjill@example.com,2020-02-13,New York,B
James Wheeler,gstone@example.net,"January 06, 2023",Singapore,
Harold Miranda,penaapril@example.com,02-Nov-2021,Los Angeles,A
John Massey,katherinerussell@example.org,07/24/2019,Mumbai,C
Cynthia Wallace,karen73@example.net,01-Nov-2021,Berlin,
Alan Waller,,14-Mar-2019,Chicago,A
Nathaniel Walter,jamietyler@example.com,30-Nov-2021,Chicago,
Anthony Knapp,rfleming@example.net,20-May-2023,London,VIP
Michael Hoffman,jonesnicole@example.org,19-May-2020,Paris,A
Ashlee Jackson,rebecca05@example.org,04/23/2020,Sydney,A
Zachary Morrison,john76@example.com,"February 11, 2024",New York,B
Laurie Mason,nicholas72@example.net,2019-09-03,Vancouver,VIP
Ronald Johns,elucas@example.net,"May 18, 2022",Chicago,C
James Wallace,jamielopez@example.com,2023-03-14,Vancouver,VIP
kyle blake,maryjohnson@example.com,2022-04-09,Berlin,VIP
Jordan Bullock,michael23@example.org,26-Aug-2019,Berlin,B
Kimberly Villanueva,,26-Jun-2023,Los Angeles,C
Jason Hayes,powellkara@example.net,10/15/2020,Paris,C
Anthony Shah,westes@example.org,10/03/2020,Chicago,B
ERIC MORGAN,kimberly18@example.net,10-Sep-2020,Melbourne,C
Sarah Lewis,harnold@example.org,05-Aug-2022,Manchester,VIP
JAIME EDWARDS,lstokes@example.com,04/18/2022,London,B
Vanessa Smith DVM,amber09@example.org,"April 02, 2021",Melbourne,
Blake Wu,sanchezcrystal@example.net,2022-04-04,Manchester,B
Rhonda Gutierrez,angelarandall@example.net,09/19/2021,New York,C
DONALD SCHULTZ,oscar98@example.com,2019-07-05,Melbourne,C
MELISSA ELLIOTT,chavezlauren@example.com,05/21/2021,Berlin,C
Gail Wilson,davidwalker@example.com,02-Jul-2023,Vancouver,C
ashley brown,mistywilkins@example.org,2022-09-18,Bangkok,A
Michael Griffin,susanfleming@example.com,"February 04, 2021",Los Angeles,VIP
Brittany Barnett,hmitchell@example.org,20-Oct-2023,Berlin,VIP
SUSAN SMITH,sanchezangela@example.org,05-Mar-2020,Vancouver,B
Todd Rosales MD,lisarivera@example.net,"June 29, 2023",Vancouver,A
BRENDA GRAY,danielblack@example.org,06/04/2024,New York,
SAMUEL PHILLIPS,andrea23@example.org,10/14/2023,Chicago,
Courtney Arias,amberfriedman@example.com,02/04/2021,London,A
ANDREW FORD,rwheeler@example.org,2023-10-30,Berlin,A
William Jones,jillwilson@example.org,13-Oct-2020,Paris,B
christine arroyo,dcortez@example.com,03/19/2024,Melbourne,
WILLIE EDWARDS,marygarcia@example.com,12-Oct-2022,Melbourne,C
Craig Morrison,thompsonkendra@example.com,2024-04-28,Sydney,B
Thomas Barton,taylorrachel@example.com,"June 29, 2019",Los Angeles,VIP
edward brown,qmosley@example.net,"November 03, 2021",Vancouver,
Jeffery Collins,courtney01@example.org,"November 14, 2022",Vancouver,VIP
Mary Wright,cathyjames@example.com,08/12/2021,Singapore,B
Jacqueline Christian,kwells@example.org,2022-04-11,Melbourne,C
james ellis,barrettjoshua@example.net,22-Jan-2021,Sydney,B
Kayla Jones,ychristensen@example.net,01-Jan-2021,Vancouver,
Brandy Quinn,wford@example.com,2019-07-06,Vancouver,C
Rodney Baker,qcharles@example.org,2022-09-12,Berlin,A
Alexandra Brown,rodriguezelizabeth@example.net,07/17/2022,Toronto,
John Roberts,haleytrevor@example.net,02-Oct-2022,Sydney,
ashley lee,ijackson@example.com,20-Jun-2019,London,C
Jessica Scott,jordan72@example.org,09/22/2021,Bangkok,B
timothy patterson,stonecody@example.net,2019-10-15,Chicago,A
John Wilson,chunglaura@example.net,2021-08-19,Paris,C
Michael Jones,jason57@example.com,05-Mar-2021,Paris,
Patrick Norris,jeremylove@example.org,"October 13, 2022",Melbourne,C
Kyle Gross,lopezrebecca@example.net,2020-11-28,Berlin,A
KIM JENSEN,kingjoseph@example.com,04/21/2020,Singapore,
Renee Mcdaniel,michaeljones@example.net,11/27/2019,Vancouver,C
daniel martin,melissa01@example.org,10/06/2022,Manchester,B
William Mueller,gnichols@example.net,2022-05-01,Chicago,
katelyn kim,christophermay@example.com,06-Oct-2021,Mumbai,
Courtney Sharp,daniel79@example.net,05-Nov-2021,Chicago,A
Jennifer Ayers,williamadams@example.net,"December 16, 2023",New York,C
EILEEN GUTIERREZ,andersonmeghan@example.net,30-Mar-2024,New York,B
jesse edwards,wallaceeric@example.com,03-Nov-2021,Manchester,A
Alexander Freeman,lewiskimberly@example.org,11/23/2021,London,C
daniel anderson,cbrown@example.org,09/01/2021,Los Angeles,VIP
Richard King,joshua40@example.net,11/03/2019,Melbourne,A
Vincent Brown,eric33@example.net,05/18/2022,Manchester,VIP
kelly rivas,dsmith@example.com,2022-06-20,Bangkok,B
Richard Goodman,ballvanessa@example.com,09/17/2022,,A
Taylor Stein,dhall@example.net,2023-11-01,Munich,VIP
TAMMY ALLISON,richardolson@example.com,"May 02, 2020",Munich,C
John Lopez,gonzaleschristina@example.net,08-Jan-2021,London,VIP
Scott Fuller,jeromeanderson@example.org,2024-01-23,Chicago,A
JOHN WILLIAMS,durhamwilliam@example.org,2023-05-23,Munich,C
Amanda Davis,milleralan@example.org,"March 16, 2023",Mumbai,
Beth Henderson,oharris@example.org,2019-08-22,Paris,A
DIANE MANNING,nicholasmedina@example.com,14-Dec-2020,Vancouver,A
Timothy White,hilljamie@example.net,14-Jan-2019,Los Angeles,B
Jennifer Reed,kellyroberts@example.net,06/03/2020,London,VIP
Lee Daniel,santosmichael@example.com,25-Sep-2020,Bangkok,B
Victoria Contreras,piercekelly@example.com,26-Apr-2022,Vancouver,A
jeffrey garza,bentongeorge@example.net,05/03/2020,Vancouver,VIP
Bradley Reynolds,lisa80@example.net,02/13/2024,Berlin,B
Sheryl Acosta,timothyfreeman@example.com,05/02/2023,Berlin,VIP
Mrs. Donna Rice,zbyrd@example.net,2023-02-16,Melbourne,C
Angelica Long,alexis58@example.com,07/24/2023,Manchester,B
Tina Williams,alyssa18@example.org,"February 12, 2020",Chicago,A
Destiny Daniel,qjones@example.com,2023-04-14,Berlin,C
Teresa Coffey DDS,smithwilliam@example.com,"July 17, 2021",London,B
Anne Castillo,watkinsconnie@example.com,2021-02-23,Los Angeles,B
curtis watson,mcclainkatherine@example.net,11-May-2021,Paris,B
Matthew Gray,uthompson@example.net,10/24/2022,Berlin,A
JACOB JOHNSON,hullrobert@example.com,"November 05, 2021",London,
LYNN ROSS MD,edwardshah@example.org,"December 01, 2022",Toronto,
Bryan Miller,gmay@example.org,13-May-2022,Toronto,VIP
Richard Neal,olsenshane@example.org,"November 06, 2021",Melbourne,B
MARGARET SULLIVAN,frobertson@example.com,"May 19, 2022",Berlin,VIP
Sherry Porter,jorgegonzalez@example.com,"January 22, 2022",London,
Traci Craig,gregoryrichardson@example.org,03/30/2023,Los Angeles,
Richard Johnson,jessica14@example.com,"April 19, 2024",Sydney,A
Tanya Goodwin,transtephanie@example.net,02/10/2020,Chicago,C
Krystal Levine,april91@example.com,01/20/2019,Bangkok,C
karen williams,cohenjuan@example.net,2023-01-16,Sydney,
austin rowland,jacqueline31@example.net,2020-10-02,Singapore,C
JESSICA WATTS,patelgabrielle@example.com,08/09/2022,Singapore,B
Jason Salinas,vickiwood@example.org,03-Oct-2019,Berlin,VIP
DONNA MOORE,munozglenn@example.org,2021-09-22,Vancouver,B
adam rivas,andersonkayla@example.com,22-Mar-2022,Bangkok,C
AARON LEE,beardlindsey@example.net,2022-01-15,Paris,A
Sarah Ward,,01/15/2021,Berlin,VIP
patricia bradley,carriemccall@example.net,2020-12-14,Chicago,
ERIN RAMIREZ,meyertiffany@example.net,2022-10-20,Berlin,B
william white,wilsonzachary@example.com,"December 12, 2019",Mumbai,C
lori mason,zhenderson@example.org,2022-01-24,Melbourne,C
Benjamin Rodriguez,david16@example.org,01/14/2023,Melbourne,B
Amanda Mcfarland,alexis39@example.org,"March 18, 2022",New York,A
william moreno,terrigarcia@example.net,2022-10-28,Chicago,A
SHERYL THOMPSON,lisawallace@example.net,01-Feb-2020,Los Angeles,VIP
Christina Myers,meyerskathryn@example.com,04/01/2024,Chicago,
Barbara Sherman,shepardjoy@example.com,08/23/2019,Manchester,B
Tracie Costa,kristi19@example.org,20-May-2023,,
BILLY WALLACE,youngmark@example.com,19-Mar-2023,Melbourne,
Douglas Lucero,watsonteresa@example.net,05-Dec-2022,Manchester,B
Mary Jones,reginajenkins@example.net,2019-06-09,Los Angeles,A
Diana Haley,hphillips@example.com,"June 02, 2020",Munich,A
John Johnson,nicholas65@example.net,2020-01-14,New York,B
LESLIE NGUYEN,julievillanueva@example.org,"May 28, 2020",Chicago,VIP
PAMELA HERNANDEZ DVM,jbrown@example.org,07-Mar-2022,Manchester,
Matthew Sanchez,david67@example.net,08/26/2022,New York,B
Katie Rivers,dominguezscott@example.com,08/02/2022,Berlin,A
Daniel Benson,bmueller@example.net,20-Jul-2021,Toronto,A
jordan powell,greenrichard@example.org,"June 13, 2020",Melbourne,C
JUSTIN LEE,montgomerymichelle@example.net,05/24/2023,Paris,VIP
jessica jackson,oblake@example.net,03/26/2022,Toronto,VIP
William Wood,,"January 09, 2024",Los Angeles,
Lisa Flynn,lee16@example.com,"April 03, 2020",Mumbai,C
Grant Lucas,todd88@example.com,26-May-2020,Paris,A
stephanie bishop,isabellagriffin@example.org,2019-07-31,Vancouver,VIP
Sherry Wang,rmccormick@example.org,02-Nov-2021,Berlin,C
christina gomez,jacob32@example.net,2021-04-28,Berlin,B
Karina Boone,phines@example.org,2021-08-21,Bangkok,C
Dr. Diana Chen,yoconnell@example.com,2022-12-19,Chicago,VIP
BETHANY HOLMES,wilsonjerry@example.net,"January 13, 2019",Sydney,
Jeremy Barnes,avaughn@example.net,16-May-2021,Munich,VIP
victoria garcia,zchandler@example.org,2022-08-23,Sydney,A
Brent Hopkins,conleydavid@example.org,19-Feb-2024,Paris,B
JOSEPH GRAVES,jeffreysimmons@example.org,14-Nov-2020,New York,VIP
Erik Bartlett DVM,haileybates@example.org,2021-10-19,Chicago,A
Bradley Anthony,kristen77@example.net,2022-05-06,Manchester,
Alec Dixon,cruzeddie@example.com,19-Mar-2021,Paris,A
Richard Lyons,brooke22@example.net,02/26/2024,Vancouver,B
ALEXANDER GREENE,stanleynina@example.com,24-Sep-2021,Melbourne,
Joshua Smith,davidsellers@example.com,22-Jun-2020,Sydney,A
jennifer barnes,danamontgomery@example.org,"March 02, 2024",Sydney,A
Emily Douglas,tanderson@example.org,"June 27, 2020",Chicago,C
deborah mason,williamrodriguez@example.net,"July 06, 2019",Berlin,
Mary Gomez,chensley@example.com,"July 06, 2023",Mumbai,C
Karen Tapia,raymond27@example.com,10/14/2022,Paris,A
amy ferguson,stewartrodney@example.net,01/02/2022,Munich,B
andrew carroll,derek77@example.com,2023-02-11,Manchester,C
Norma Smith,michelleperez@example.net,"November 12, 2019",New York,B
Vanessa Sanchez,,04/02/2021,New York,C
Shelby Duncan,johnsonedward@example.net,"April 08, 2023",Los Angeles,VIP
Zachary Santiago,alexanderwong@example.org,06/10/2019,Bangkok,
debbie rivera,mariawilliams@example.com,22-Mar-2021,Singapore,
Walter Obrien,,12/30/2021,Sydney,VIP
Kevin Marquez,nicoledavis@example.com,2021-03-23,Los Angeles,
ANNA GAY,murraydavid@example.org,2020-01-30,Melbourne,A
Matthew Smith,conwaylori@example.org,06/26/2023,Singapore,VIP
Mrs. Ashley Mendoza,karenhodges@example.com,2021-06-26,Paris,C
leah jacobs,debraclark@example.com,2024-04-06,Paris,A
MR. JAMES BARNETT,petersonkyle@example.org,07/31/2020,Toronto,C
michelle sanders,evansanne@example.net,02/22/2020,Melbourne,VIP
Shannon Malone,sullivannicholas@example.com,24-Jan-2021,New York,C
james wood,carpenterjorge@example.net,16-Dec-2019,Mumbai,C
Ana Higgins,stacey09@example.com,"October 11, 2021",Vancouver,B
Kevin Estrada,sloanbenjamin@example.net,2019-03-22,Singapore,B
Phillip Nelson,mariahdavis@example.org,10-Jul-2019,Los Angeles,C
BRITTANY SNYDER,rachelwalter@example.org,09-Jan-2023,Bangkok,
JENNIFER MOORE,christyscott@example.com,02/04/2021,Berlin,B
LAUREN DANIELS,brian97@example.net,2022-10-11,New York,
Jonathan Pham,cynthia74@example.org,10/07/2019,London,B
Melinda Evans,barkereric@example.com,"August 25, 2023",Melbourne,C
james martinez,,"December 29, 2023",New York,
cynthia kennedy,marcuscarter@example.org,"December 16, 2020",Bangkok,VIP
Ernest Bernard,lambertdevin@example.com,"January 11, 2022",London,A
jeffrey henry,christina93@example.net,"August 29, 2022",Chicago,C
matthew briggs,proman@example.com,"January 11, 2021",London,
Renee Bruce,lynchdiane@example.net,28-Aug-2020,Paris,C
MICHAEL ANDERSON,halljohn@example.org,"May 04, 2021",Singapore,VIP
Kyle Flores,crystal58@example.net,2023-07-27,Berlin,C
Michael Powers,qkim@example.net,10/02/2020,Melbourne,
Alexandra Green,kennethjohnson@example.net,2023-11-20,Chicago,A
Amanda Miller,brianrowe@example.org,"June 05, 2020",Mumbai,B
carrie maxwell,epollard@example.net,"May 28, 2022",Berlin,
James Burgess,kristina53@example.net,2023-01-17,Vancouver,A
krista barber,michael43@example.net,2023-09-18,Chicago,VIP
Miss Kimberly Holloway,susanharper@example.org,07/20/2020,Los Angeles,A
VALERIE SANDERS,jennifererickson@example.net,08/21/2021,Berlin,
David Garcia,jennifer12@example.org,07/17/2022,Berlin,
krystal moore,grantstacy@example.org,12-Jan-2020,Chicago,VIP
ashley brown,mistywilkins@example.org,2022-08-27,Bangkok,
Tracy Jackson,anthony13@example.org,2021-05-04,Toronto,
JEFFERY ADAMS,kwatkins@example.net,2020-01-31,Toronto,C
James Fowler,rebecca18@example.org,20-Mar-2023,Singapore,
PHILLIP ANDERSON,clewis@example.com,"August 12, 2020",Paris,A
michael montgomery,jessica89@example.net,"March 22, 2021",Manchester,
Mary Johnson,sharon95@example.com,09/06/2023,Chicago,B
MICHAEL BURKE,zjackson@example.org,2020-03-19,Toronto,A
Richard Weiss,kimberly66@example.net,"March 12, 2019",Mumbai,C
Lisa Cohen,martintamara@example.org,2023-09-16,Mumbai,VIP
Heather Diaz,kmoore@example.org,"July 27, 2019",Los Angeles,A
Susan Price,wilsontina@example.com,"January 09, 2022",London,A
Anthony Cabrera,jeffrey42@example.com,02-Nov-2021,Singapore,B
Stacey Hunt,jennifer83@example.org,2021-02-22,New York,VIP
Mercedes Garcia,,26-Jul-2021,Chicago,B
JOHN BELL,ssingleton@example.com,05/16/2023,Vancouver,C
deborah meyer,olivia29@example.net,"November 19, 2021",Berlin,VIP
brett walker,seanmyers@example.net,31-Jan-2020,Singapore,C
BRITTANY PETERSON,hoconnor@example.com,11/09/2022,Toronto,B
Gerald Mcdonald Jr.,hthomas@example.com,02-Aug-2023,Manchester,
Jackie Clements,brandi17@example.net,10/21/2019,Bangkok,C
Savannah Townsend,jessica39@example.net,31-Jul-2021,,C
JENNIFER BARRETT,joyce21@example.org,12-May-2022,,
dylan mills,watsonvickie@example.com,17-Oct-2019,Melbourne,
Jeanette Butler,laura29@example.org,"April 26, 2024",Melbourne,VIP
William Smith,qnelson@example.net,12-Feb-2020,Manchester,A
TEST ACCOUNT,test@test.com,01/01/1900,,
Brooke Lewis,charleshayes@example.com,08/28/2022,Mumbai,C
charles blair,dananelson@example.com,2021-08-16,Berlin,VIP
Mary Jones,reginajenkins@example.net,"June 18, 2019",Los Angeles,
Judy Gregory,joycehall@example.org,02/15/2019,Munich,C
Cody Jones,juanfranklin@example.net,2023-06-11,Mumbai,B
stacey stewart,zachary87@example.com,03/27/2020,New York,A
STEPHANIE EVANS,zacharyallen@example.org,06-Jul-2019,Sydney,VIP
Daniel Ferrell,erikamiller@example.org,2022-05-10,Sydney,C
Michelle Miller,,04/12/2024,Toronto,B
chloe freeman,,2020-02-04,Bangkok,C
MASON MOORE,kchristian@example.org,2022-12-28,Chicago,B
Heather Bolton,danielle01@example.net,2023-08-31,Berlin,VIP
michael santos,bliu@example.com,"February 23, 2019",New York,A
Ashley Jones,calvin93@example.org,2024-03-18,Paris,B
MEGAN DILLON,chelsea33@example.com,2022-06-13,New York,C
martha arnold,melissamartin@example.com,05-Feb-2019,Mumbai,
PAMELA WILLIAMS,ksmith@example.com,"November 02, 2019",Manchester,B
Kenneth Larsen,briansmith@example.org,16-Dec-2022,Sydney,A
Corey Weeks,alexgarcia@example.net,04-Jun-2023,Chicago,C
Mark Lynch,nathanielmartin@example.net,2022-05-06,Manchester,C
Ana Higgins,stacey09@example.com,20-Oct-2021,Vancouver,C
Sarah Taylor,asmith@example.org,2024-03-06,Bangkok,VIP
karen green,zwhite@example.net,"July 22, 2020",Bangkok,A
Luis Powell,johnsonjessica@example.org,"June 14, 2024",Bangkok,
Eric Fowler,charlesyoung@example.net,07/15/2019,London,A
SARAH RIVERA,xmoran@example.net,09/05/2019,Manchester,
BRADLEY TRAN,kimberly04@example.org,"August 19, 2021",Melbourne,VIP
Jorge Morales,kentmichael@example.com,08/03/2021,Bangkok,C
Arthur Pena,busherica@example.net,03/24/2024,New York,VIP
Leslie Moody,gcastro@example.org,2020-02-13,Chicago,A
deanna griffith,kwoods@example.com,"August 22, 2023",Manchester,B
Rachael Jones,watsonbrittany@example.org,21-Apr-2023,London,VIP
Rebecca Kelly,gregorywatkins@example.net,"October 10, 2022",Manchester,A
MIGUEL PARKS,tinasantos@example.org,15-Dec-2023,Berlin,VIP
BRIDGET HERNANDEZ,ygriffith@example.com,"March 30, 2023",New York,A
jennifer williamson,mhall@example.net,20-Aug-2021,Los Angeles,VIP
Felicia Williams,johnmunoz@example.com,13-Jun-2024,Munich,
James Hendricks,ebennett@example.net,20-Oct-2021,Paris,C
Matthew Le,megan90@example.org,11/24/2023,Paris,
Lisa Craig,john02@example.org,12/21/2022,Paris,A
Rebecca Martin,williamsleslie@example.org,07-Dec-2023,London,
DAVID ROBERTSON,nicoleburton@example.net,"April 27, 2021",Munich,A
Martin Hughes,nicole52@example.com,2024-02-26,Melbourne,B
Juan Smith,james73@example.net,2024-02-22,Singapore,
Kelli Shepard,qbutler@example.net,"December 11, 2023",Singapore,A
Tammy Cameron,ganderson@example.org,09/09/2022,Mumbai,VIP
Mary Lee,jimwilliams@example.org,"April 15, 2019",Singapore,A
christopher park,sandra50@example.org,2023-11-07,Paris,B
victoria massey,oheath@example.com,01-Jan-2019,Sydney,B
cindy hayes,robertwilcox@example.com,02/06/2021,London,C
laura meza,xreese@example.net,2022-10-12,Manchester,VIP
Michelle Barrera,jamie46@example.net,24-Feb-2019,Munich,
Teresa Rowland,ejohns@example.org,09/27/2022,Paris,VIP
Dr. Dustin Sutton Jr.,lopezchristopher@example.net,02/07/2020,Melbourne,B
Todd David,shatfield@example.org,01/23/2023,Mumbai,C
Dorothy Brown,marystone@example.com,2019-07-13,Chicago,VIP
Tonya Ellis,bmosley@example.com,2023-11-10,New York,
Jose Rogers,amcdonald@example.com,"January 30, 2023",Singapore,B
jenna jensen,zpoole@example.net,06-Jul-2022,Los Angeles,C
adrian ferguson,brandon08@example.com,2021-07-20,Toronto,C
Steven Nguyen,jacqueline39@example.net,"November 02, 2022",Mumbai,
reginald williams,zthornton@example.com,"March 31, 2021",Los Angeles,VIP
SHANNON WALLACE,shelly84@example.net,2020-06-19,Chicago,A
Marcus Powell,ann31@example.net,04-Nov-2022,,
BRETT ATKINS,julie01@example.net,10/26/2023,,A
BRENDA ALEXANDER,bradley03@example.org,25-Jun-2024,London,A
Casey Anderson,alyssa42@example.com,2020-10-24,Vancouver,A
Derrick King,martinezashley@example.com,04/25/2020,Paris,C
heather atkinson,kenneththomas@example.net,"March 19, 2021",Singapore,
Kevin Hall,christopher69@example.org,27-Mar-2023,London,
stephanie walls,abrown@example.net,24-May-2020,Mumbai,A
tammy boone,nicholsmaria@example.org,05/30/2019,Berlin,B
Julian Ponce,kentprice@example.org,"May 28, 2020",Manchester,B
JULIE TAYLOR,aaron48@example.net,22-Dec-2020,Munich,A
MEGAN GREEN,anthonysullivan@example.com,09-Feb-2022,London,
Greg Hull,jessechapman@example.org,19-Apr-2022,Sydney,C
Ashley Roach,lisa89@example.net,10/31/2019,Vancouver,
Elizabeth Lee,mollywalter@example.net,22-Sep-2022,Munich,B
Shane Kennedy,fuentesashley@example.com,05-Sep-2020,Munich,B
James Brown,deborah34@example.org,"July 08, 2021",Sydney,B
scott porter,,2023-12-16,Sydney,B
Julie Decker,nunezmatthew@example.com,"March 09, 2021",Mumbai,VIP
JACOB OBRIEN,,09-Nov-2022,Sydney,VIP
David Lane,alexanderwise@example.net,09/28/2022,Singapore,C
Roy Fowler,lshannon@example.net,18-Jul-2020,Melbourne,
Natalie Patrick,,11/21/2019,Munich,C
JAIME FISCHER,crystal32@example.net,10-Jan-2024,Chicago,A
Charlotte Mason,tcastro@example.org,2023-01-15,Sydney,VIP
David Davidson,angela18@example.org,2020-06-06,Sydney,B
Priscilla Joseph,,2020-03-25,,
TAYLOR MULLINS,anthonydavis@example.net,2020-05-14,Toronto,B
Michelle Smith,brownreginald@example.net,"August 11, 2022",Sydney,C
Sherry Wood,samueldaniels@example.com,07/20/2021,Singapore,C
Nathan Sparks,daniellecoleman@example.org,09/21/2019,Paris,A